"Year","Plot","trt","plantid","Xcoor","Ycoor","Height","No.stems","No.stemsT1","No.panicles","No.paniclesT1","stage","survT","survT1","pflowerT","pflowerT1","first_year_seen","Notes"
2016,"10","drought","10_10G",10,"G",121.5,24,14,13,6,"medium","1","1","1","1",2016,""
2017,"10","drought","10_10G",10,"G",81,14,27,6,0,"medium","1","1","1","0",2016,""
2018,"10","drought","10_10G",10,"G",61,27,18,0,2,"large","1","1","0","1",2016,""
2019,"10","drought","10_10G",10,"G",90,18,28,2,12,"medium","1","1","1","1",2016,""
2020,"10","drought","10_10G",10,"G",144,28,61,12,5,"large","1","1","1","1",2016,""
2021,"10","drought","10_10G",10,"G",145,61,59,5,0,"large","1","1","1","0",2016,"Orange fungus"
2022,"10","drought","10_10G",10,"G",101,59,73,0,0,"large","1","1","0","0",2016,""
2023,"10","drought","10_10G",10,"G",82,73,26,0,1,"large","1","1","0","1",2016,""
2024,"10","drought","10_10G",10,"G",104,26,54,1,2,"large","1","1","1","1",2016,""
2025,"10","drought","10_10G",10,"G",144,54,NA,2,NA,"large","1",NA,"1",NA,2016,"big"
2020,"10","drought","10_10J",10,"J",106,8,22,0,0,"seedling","1","1","0","0",2020,""
2021,"10","drought","10_10J",10,"J",107,22,12,0,0,"medium","1","1","0","0",2020,""
2022,"10","drought","10_10J",10,"J",81,12,5,0,0,"medium","1","1","0","0",2020,""
2023,"10","drought","10_10J",10,"J",83,5,5,0,0,"small","1","1","0","0",2020,""
2024,"10","drought","10_10J",10,"J",97,5,NA,0,NA,"small","1",NA,"0",NA,2020,""
2025,"10","drought","10_10J",10,"J",NA,NA,NA,NA,NA,NA,NA,NA,NA,NA,2020,"NP,  vole digging, only found a cut off stem"
2017,"10","drought","10_12I",12,"I",71.5,2,7,1,0,"small","1","1","1","0",2017,"New"
2018,"10","drought","10_12I",12,"I",60.5,7,3,0,0,"small","1","1","0","0",2017,""
2019,"10","drought","10_12I",12,"I",46,3,12,0,1,"small","1","1","0","1",2017,""
2020,"10","drought","10_12I",12,"I",123,12,17,1,4,"medium","1","1","1","1",2017,""
2021,"10","drought","10_12I",12,"I",152,17,16,4,0,"medium","1","1","1","0",2017,""
2022,"10","drought","10_12I",12,"I",84,16,13,0,0,"medium","1","1","0","0",2017,""
2023,"10","drought","10_12I",12,"I",75,13,4,0,1,"medium","1","1","0","1",2017,""
2024,"10","drought","10_12I",12,"I",129,4,5,1,1,"small","1","1","1","1",2017,""
2025,"10","drought","10_12I",12,"I",118,5,NA,1,NA,"small","1",NA,"1",NA,2017,""
2016,"10","drought","10_13B",13,"B",84,3,2,2,1,"small","1","1","1","1",2016,""
2017,"10","drought","10_13B",13,"B",72,2,5,1,0,"small","1","1","1","0",2016,""
2018,"10","drought","10_13B",13,"B",51.5,5,6,0,1,"small","1","1","0","1",2016,""
2019,"10","drought","10_13B",13,"B",67,6,6,1,1,"small","1","1","1","1",2016,""
2020,"10","drought","10_13B",13,"B",114,6,3,1,0,"small","1","1","1","0",2016,""
2021,"10","drought","10_13B",13,"B",58,3,7,0,0,"small","1","1","0","0",2016,""
2022,"10","drought","10_13B",13,"B",86,7,11,0,0,"small","1","1","0","0",2016,""
2023,"10","drought","10_13B",13,"B",76,11,NA,0,NA,"medium","1","0","0",NA,2016,""
2024,"10","drought","10_13B",13,"B",NA,NA,NA,NA,NA,"dead","0",NA,NA,NA,2016,"lots of thatch, can't tell if NP or if taken over by 15A"
2016,"10","drought","10_13F",13,"F",99,7,6,2,1,"small","1","1","1","1",2016,""
2017,"10","drought","10_13F",13,"F",69,6,15,1,0,"small","1","1","1","0",2016,""
2018,"10","drought","10_13F",13,"F",69,15,NA,0,NA,"medium","1",NA,"0",NA,2016,""
2019,"10","drought","10_13FG",13,"F",127,22,33,5,9,"medium","1","1","1","1",2019,"PROBABLY THE SAME AS 13G"
2020,"10","drought","10_13FG",13,"G",159,33,67,9,7,"large","1","1","1","1",2019,""
2021,"10","drought","10_13FG",13,"G",155,67,49,7,1,"large","1","1","1","1",2019,"13G and 13F are same plant, count as one plant."
2022,"10","drought","10_13FG",13,"F",129.5,49,11,1,0,"large","1","1","1","0",2019,""
2023,"10","drought","10_13FG",13,"F",51,11,9,0,0,"medium","1","1","0","0",2019,""
2024,"10","drought","10_13FG",13,"F",91,9,12,0,0,"medium","1","1","0","0",2019,""
2025,"10","drought","10_13FG",13,"F",68,12,NA,0,NA,"medium","1",NA,"0",NA,2019,""
2016,"10","drought","10_13G",13,"G",120,6,16,6,3,"small","1","1","1","1",2016,""
2017,"10","drought","10_13G",13,"G",96,16,17,3,0,"medium","1","1","1","0",2016,""
2018,"10","drought","10_13G",13,"G",73,17,NA,0,NA,"medium","1",NA,"0",NA,2016,""
2023,"10","drought","10_14.15D",14,"D",58,41,NA,0,NA,"large","1",NA,"0",NA,2023,"merged into 15d, clump spans 14-16, B-C"
2016,"10","drought","10_14D",14,"D",114,3,6,3,2,"small","1","1","1","1",2016,""
2017,"10","drought","10_14D",14,"D",67,6,2,2,0,"small","1","1","1","0",2016,""
2018,"10","drought","10_14D",14,"D",54,2,4,0,0,"small","1","1","0","0",2016,""
2019,"10","drought","10_14D",14,"D",59,4,5,0,1,"small","1","1","0","1",2016,""
2020,"10","drought","10_14D",14,"D",108,5,4,1,0,"small","1","1","1","0",2016,""
2021,"10","drought","10_14D",14,"D",73,4,9,0,0,"small","1","1","0","0",2016,""
2022,"10","drought","10_14D",14,"D",80,9,NA,0,NA,"medium","1",NA,"0",NA,2016,""
2016,"10","drought","10_15A",15,"A",98.5,34,NA,7,NA,"large","1",NA,"1",NA,2016,""
2017,"10","drought","10_15A",15,"A",NA,NA,25,NA,0,NA,NA,"1",NA,"0",2016,""
2018,"10","drought","10_15A",15,"A",64,25,36,0,2,"medium","1","1","0","1",2016,""
2019,"10","drought","10_15A",15,"A",92,36,37,2,0,"large","1","1","1","0",2016,""
2020,"10","drought","10_15A",15,"A",84,37,60,0,1,"large","1","1","0","1",2016,""
2021,"10","drought","10_15A",15,"A",98,60,61,1,1,"large","1","1","1","1",2016,"15A, 15B, 16A are all same plant. Counting as 1 plant.Fungus"
2022,"10","drought","10_15A",15,"A",117,61,96,1,0,"large","1","1","1","0",2016,""
2023,"10","drought","10_15A",15,"A",78,96,91,0,1,"large","1","1","0","1",2016,"spills into buffer"
2024,"10","drought","10_15A",15,"A",109,91,76,1,0,"large","1","1","1","0",2016,"spills into buffer, 14-17A, combined with plant in 14D"
2025,"10","drought","10_15A",15,"A",90,76,NA,0,NA,"large","1",NA,"0",NA,2016,"spills into buffer, 13-17A-D"
2018,"10","drought","10_15B",15,"B",57,9,NA,0,NA,"medium","1",NA,"0",NA,2018,"new plant"
2025,"10","drought","10_15B_2",15,"B",77,2,NA,0,NA,"seedling","1",NA,"0",NA,2025,"in between 15A and 16A plants"
2016,"10","drought","10_15D",15,"D",120.5,11,4,5,1,"medium","1","1","1","1",2016,""
2017,"10","drought","10_15D",15,"D",56,4,2,1,0,"small","1","1","1","0",2016,""
2018,"10","drought","10_15D",15,"D",55,2,37,0,8,"small","1","1","0","1",2016,""
2019,"10","drought","10_15D",15,"D",107,37,12,8,1,"large","1","1","1","1",2016,""
2020,"10","drought","10_15D",15,"D",94,12,2,1,0,"medium","1","1","1","0",2016,""
2021,"10","drought","10_15D",15,"D",73,2,18,0,0,"small","1","1","0","0",2016,"Fungus"
2022,"10","drought","10_15D",15,"D",81,18,NA,0,NA,"medium","1",NA,"0",NA,2016,""
2020,"10","drought","10_15I",15,"I",177,10,27,3,0,"medium","1","1","1","0",2020,""
2021,"10","drought","10_15I",15,"I",129,27,41,0,2,"large","1","1","0","1",2020,"Fungus"
2022,"10","drought","10_15I",15,"I",150,41,34,2,0,"large","1","1","1","0",2020,""
2023,"10","drought","10_15I",15,"I",78,34,21,0,2,"large","1","1","0","1",2020,"spills into diversity"
2024,"10","drought","10_15I",15,"I",148,21,70,2,2,"medium","1","1","1","1",2020,"spills into diversity, lots of thatch, fungus"
2025,"10","drought","10_15I",15,"I",141,70,NA,2,NA,"large","1",NA,"1",NA,2020,"spills into diversity"
2016,"10","drought","10_16A",16,"A",49,3,2,0,0,"small","1","1","0","0",2016,""
2016,"10","drought","10_16A",16,"A",60.5,2,10,0,1,"small","1","1","0","1",2016,""
2017,"10","drought","10_16A",16,"A",63,10,3,1,3,"medium","1","1","1","1",2016,"Half out of plot"
2017,"10","drought","10_16A",16,"A",92,3,3,3,0,"small","1","1","1","0",2016,"1 giant plant combined with 15A"
2018,"10","drought","10_16A",16,"A",37,3,3,0,0,"small","1","1","0","0",2016,""
2019,"10","drought","10_16A",16,"A",49.5,3,9,0,0,"small","1","1","0","0",2016,""
2020,"10","drought","10_16A",16,"A",59,9,NA,0,NA,"medium","1",NA,"0",NA,2016,""
2025,"10","drought","10_16A_2",16,"A",77,16,NA,0,NA,"medium","1",NA,"0",NA,2025,"More in 17B; deleted last year (called part of 15A) but now separate again (not a new plant)"
2019,"10","drought","10_19H",19,"H",65.5,2,NA,2,NA,"small","1",NA,"1",NA,2019,"NEW PLANT"
2020,"10","drought","10_19H",19,"H",NA,NA,4,NA,0,NA,NA,"1",NA,"0",2019,"missing-> dead?"
2021,"10","drought","10_19H",19,"H",64,4,1,0,0,"small","1","1","0","0",2019,""
2022,"10","drought","10_19H",19,"H",67,1,4,0,0,"small","1","1","0","0",2019,""
2023,"10","drought","10_19H",19,"H",73,4,NA,0,NA,"small","1",NA,"0",NA,2019,""
2024,"10","drought","10_19H",19,"H",NA,NA,4,NA,0,NA,NA,"1",NA,"0",2019,"NP"
2025,"10","drought","10_19H",19,"H",68,4,NA,0,NA,"small","1",NA,"0",NA,2019,"right on plot edge (small)"
2020,"10","drought","10_1F",1,"F",89,7,12,0,1,"seedling","1","1","0","1",2020,""
2021,"10","drought","10_1F",1,"F",132,12,3,1,0,"medium","1","1","1","0",2020,"Orange fungus"
2022,"10","drought","10_1F",1,"F",75,3,17,0,0,"small","1","1","0","0",2020,""
2023,"10","drought","10_1F",1,"F",59,17,10,0,0,"medium","1","1","0","0",2020,""
2024,"10","drought","10_1F",1,"F",68,10,27,0,1,"medium","1","1","0","1",2020,"sparse stems (1G-0F), calling it all the same plant"
2025,"10","drought","10_1F",1,"F",106,27,NA,1,NA,"large","1",NA,"1",NA,2020,"sparse stems (1G-0F), roots connect underground"
2016,"10","drought","10_6B",6,"B",128.5,34,24,14,8,"large","1","1","1","1",2016,""
2017,"10","drought","10_6B",6,"B",99,24,19,8,0,"medium","1","1","1","0",2016,""
2018,"10","drought","10_6B",6,"B",64.5,19,13,0,0,"medium","1","1","0","0",2016,""
2019,"10","drought","10_6B",6,"B",48,13,10,0,2,"medium","1","1","0","1",2016,""
2020,"10","drought","10_6B",6,"B",110,10,17,2,0,"medium","1","1","1","0",2016,""
2021,"10","drought","10_6B",6,"B",51.5,17,14,0,1,"medium","1","1","0","1",2016,""
2022,"10","drought","10_6B",6,"B",113,14,39,1,0,"medium","1","1","1","0",2016,""
2023,"10","drought","10_6B",6,"B",51,39,29,0,0,"large","1","1","0","0",2016,"from 7-8, A-B "
2024,"10","drought","10_6B",6,"B",71,29,74,0,3,"large","1","1","0","1",2016,"from 7-8, A-B; lots of thatch, goes into buffer"
2025,"10","drought","10_6B",6,"B",110,74,NA,3,NA,"large","1",NA,"1",NA,2016,"from 7-8, A-B into buffer"
2017,"11","control","11_11G",11,"G",61,13,11,1,0,"medium","1","1","1","0",2017,""
2018,"11","control","11_11G",11,"G",44,11,12,0,0,"medium","1","1","0","0",2017,""
2019,"11","control","11_11G",11,"G",44,12,18,0,2,"medium","1","1","0","1",2017,""
2020,"11","control","11_11G",11,"G",106,18,21,2,2,"medium","1","1","1","1",2017,""
2021,"11","control","11_11G",11,"G",91,21,25,2,0,"medium","1","1","1","0",2017,"Fungus"
2022,"11","control","11_11G",11,"G",88,25,30,0,0,"medium","1","1","0","0",2017,""
2023,"11","control","11_11G",11,"G",58,30,7,0,0,"large","1","1","0","0",2017,""
2024,"11","control","11_11G",11,"G",61,7,21,0,0,"small","1","1","0","0",2017,""
2025,"11","control","11_11G",11,"G",74,21,NA,0,NA,"medium","1",NA,"0",NA,2017,""
2017,"11","control","11_13E",13,"E",63.5,4,3,2,1,"small","1","1","1","1",2017,""
2018,"11","control","11_13E",13,"E",43,3,3,1,0,"small","1","1","1","0",2017,""
2019,"11","control","11_13E",13,"E",42.5,3,8,0,2,"small","1","1","0","1",2017,""
2020,"11","control","11_13E",13,"E",130,8,8,2,1,"small","1","1","1","1",2017,""
2021,"11","control","11_13E",13,"E",90,8,5,1,0,"small","1","1","1","0",2017,""
2022,"11","control","11_13E",13,"E",60,5,6,0,0,"small","1","1","0","0",2017,""
2023,"11","control","11_13E",13,"E",56,6,8,0,1,"small","1","1","0","1",2017,""
2024,"11","control","11_13E",13,"E",79,8,10,1,2,"small","1","1","1","1",2017,""
2025,"11","control","11_13E",13,"E",110,10,NA,2,NA,"medium","1",NA,"1",NA,2017,""
2017,"11","control","11_13I",13,"I",79,18,NA,4,NA,"medium","1","0","1",NA,2017,""
2018,"11","control","11_13I",13,"I",NA,NA,NA,NA,NA,"dead","0",NA,NA,NA,2017,"no plant"
2016,"11","control","11_14H",14,"H",115,22,13,12,1,"medium","1","1","1","1",2016,""
2019,"11","control","11_14H",14,"H",87,13,12,1,1,"medium","1","1","1","1",2016,""
2020,"11","control","11_14H",14,"H",95.5,12,21,1,0,"medium","1","1","1","0",2016,"in 13 H next to plant in 13I"
2021,"11","control","11_14H",14,"H",59.5,21,2,0,1,"medium","1","1","0","1",2016,"Orange fungus"
2022,"11","control","11_14H",14,"H",64,2,2,1,0,"small","1","1","1","0",2016,"panicle dead, no seeds"
2023,"11","control","11_14H",14,"H",39,2,NA,0,NA,"small","1","0","0",NA,2016,""
2024,"11","control","11_14H",14,"H",NA,NA,NA,NA,NA,"dead","0",NA,NA,NA,2016,"NP, part of 13J"
2016,"11","control","11_16F",16,"F",93.5,14,6,2,5,"medium","1","1","1","1",2016,""
2017,"11","control","11_16F",16,"F",84.5,6,10,5,1,"small","1","1","1","1",2016,""
2018,"11","control","11_16F",16,"F",52,10,9,1,0,"medium","1","1","1","0",2016,""
2019,"11","control","11_16F",16,"F",53.5,9,15,0,2,"medium","1","1","0","1",2016,""
2020,"11","control","11_16F",16,"F",143,15,15,2,2,"medium","1","1","1","1",2016,""
2021,"11","control","11_16F",16,"F",96.5,15,2,2,0,"medium","1","1","1","0",2016,""
2022,"11","control","11_16F",16,"F",56,2,4,0,0,"small","1","1","0","0",2016,""
2023,"11","control","11_16F",16,"F",52,4,5,0,1,"small","1","1","0","1",2016,""
2024,"11","control","11_16F",16,"F",70,5,5,1,1,"small","1","1","1","1",2016,""
2025,"11","control","11_16F",16,"F",67,5,NA,1,NA,"small","1",NA,"1",NA,2016,""
2020,"11","control","11_16I",16,"I",42.5,4,1,0,0,"seedling","1","1","0","0",2020,""
2021,"11","control","11_16I",16,"I",49,1,NA,0,NA,"small","1","0","0",NA,2020,""
2022,"11","control","11_16I",16,"I",NA,NA,NA,NA,NA,"dead","0",NA,NA,NA,2020,"NP"
2017,"11","control","11_17C",17,"C",54,3,4,1,1,"small","1","1","1","1",2017,"New"
2018,"11","control","11_17C",17,"C",68,4,5,1,1,"small","1","1","1","1",2017,""
2019,"11","control","11_17C",17,"C",43,5,9,1,4,"small","1","1","1","1",2017,""
2020,"11","control","11_17C",17,"C",119.5,9,8,4,0,"medium","1","1","1","0",2017,""
2021,"11","control","11_17C",17,"C",59,8,3,0,1,"small","1","1","0","1",2017,""
2022,"11","control","11_17C",17,"C",69,3,NA,1,NA,"small","1",NA,"1",NA,2017,""
2023,"11","control","11_17C",17,"C",NA,NA,2,NA,0,NA,NA,"1",NA,"0",2017,"np"
2024,"11","control","11_17C",17,"C",59,2,4,0,0,"small","1","1","0","0",2017,"close to 19C clump"
2025,"11","control","11_17C",17,"C",75,4,NA,0,NA,"small","1",NA,"0",NA,2017,"close to 19C clump"
2016,"11","control","11_17J",17,"J",80.5,3,1,1,0,"small","1","1","1","0",2016,""
2017,"11","control","11_17J",17,"J",47,1,1,0,0,"small","1","1","0","0",2016,""
2018,"11","control","11_17J",17,"J",30.5,1,1,0,0,"small","1","1","0","0",2016,""
2019,"11","control","11_17J",17,"J",41.5,1,NA,0,NA,"small","1","0","0",NA,2016,""
2020,"11","control","11_17J",17,"J",NA,NA,NA,NA,NA,"dead","0",NA,NA,NA,2016,"missing"
2016,"11","control","11_18E",18,"E",63,5,1,1,1,"small","1","1","1","1",2016,""
2017,"11","control","11_18E",18,"E",50,1,2,1,0,"small","1","1","1","0",2016,""
2018,"11","control","11_18E",18,"E",35.5,2,NA,0,NA,"small","1",NA,"0",NA,2016,""
2019,"11","control","11_18F",18,"F",NA,NA,NA,NA,NA,NA,NA,NA,NA,NA,2019,"MISSING"
2020,"11","control","11_18F",18,"F",NA,NA,1,NA,0,NA,NA,"1",NA,"0",2019,"missing"
2021,"11","control","11_18F",18,"F",34,1,NA,0,NA,"small","1",NA,"0",NA,2019,""
2022,"11","control","11_18F",18,"F",NA,NA,3,NA,1,NA,NA,"1",NA,"1",2019,"NP"
2023,"11","control","11_18F",18,"F",59,3,4,1,0,"small","1","1","1","0",2019,""
2024,"11","control","11_18F",18,"F",60,4,5,0,2,"small","1","1","0","1",2019,""
2025,"11","control","11_18F",18,"F",32,5,NA,2,NA,"small","1",NA,"1",NA,2019,""
2016,"11","control","11_18G",18,"G",58,2,NA,1,NA,"small","1",NA,"1",NA,2016,""
2016,"11","control","11_19C",19,"C",80.5,6,2,1,1,"small","1","1","1","1",2016,""
2017,"11","control","11_19C",19,"C",59,2,4,1,0,"small","1","1","1","0",2016,""
2018,"11","control","11_19C",19,"C",46.5,4,5,0,2,"small","1","1","0","1",2016,""
2019,"11","control","11_19C",19,"C",60,5,8,2,5,"small","1","1","1","1",2016,""
2020,"11","control","11_19C",19,"C",118,8,17,5,0,"small","1","1","1","0",2016,""
2021,"11","control","11_19C",19,"C",53,17,16,0,0,"medium","1","1","0","0",2016,""
2022,"11","control","11_19C",19,"C",60,16,12,0,0,"medium","1","1","0","0",2016,""
2023,"11","control","11_19C",19,"C",57,12,25,0,0,"medium","1","1","0","0",2016,""
2024,"11","control","11_19C",19,"C",63,25,51,0,0,"medium","1","1","0","0",2016,""
2025,"11","control","11_19C",19,"C",89,51,NA,0,NA,"large","1",NA,"0",NA,2016,""
2016,"11","control","11_19E",19,"E",47,2,NA,1,NA,"small","1","0","1",NA,2016,""
2017,"11","control","11_19E",19,"E",NA,NA,NA,NA,NA,"dead","0",NA,NA,NA,2016,"Missing "
2016,"11","control","11_19H",19,"H",49,3,9,0,4,"small","1","1","0","1",2016,""
2017,"11","control","11_19H",19,"H",69.5,9,9,4,0,"medium","1","1","1","0",2016,""
2018,"11","control","11_19H",19,"H",50,9,9,0,1,"medium","1","1","0","1",2016,""
2019,"11","control","11_19H",19,"H",71,9,NA,1,NA,"medium","1",NA,"1",NA,2016,""
2016,"11","control","11_19I",19,"I",21,17,2,2,0,"medium","1","1","1","0",2016,""
2017,"11","control","11_19I",19,"I",36,2,3,0,0,"small","1","1","0","0",2016,""
2018,"11","control","11_19I",19,"I",42,3,8,0,0,"small","1","1","0","0",2016,""
2019,"11","control","11_19I",19,"I",47,8,NA,0,NA,"small","1",NA,"0",NA,2016,""
2020,"11","control","11_19IH",19,"I",67.5,33,13,0,2,"large","1","1","0","1",2020,"measured 19H and 19I as one plat"
2021,"11","control","11_19IH",19,"H",97.5,13,NA,2,NA,"medium","1",NA,"1",NA,2020,"Measured 19H and 19I as one plant."
2022,"11","control","11_19IH",19,"H",NA,NA,2,NA,0,NA,NA,"1",NA,"0",2020,"NP"
2023,"11","control","11_19IH",19,"H",31,2,NA,0,NA,"small","1",NA,"0",NA,2020,""
2024,"11","control","11_19IH",19,"H",NA,NA,4,NA,0,NA,NA,"1",NA,"0",2020,"NP"
2025,"11","control","11_19IH",19,"H",56,4,NA,0,NA,"small","1",NA,"0",NA,2020,""
2021,"11","control","11_19J",19,"J",94.5,4,3,1,0,"small","1","1","1","0",2021,""
2022,"11","control","11_19J",19,"J",55,3,7,0,0,"small","1","1","0","0",2021,""
2023,"11","control","11_19J",19,"J",51,7,5,0,0,"small","1","1","0","0",2021,""
2024,"11","control","11_19J",19,"J",51,5,8,0,1,"small","1","1","0","1",2021,""
2025,"11","control","11_19J",19,"J",87,8,NA,1,NA,"small","1",NA,"1",NA,2021,""
2016,"11","control","11_1E",1,"E",69,13,17,4,4,"medium","1","1","1","1",2016,""
2017,"11","control","11_1E",1,"E",59,17,5,4,0,"medium","1","1","1","0",2016,"3 clumps"
2018,"11","control","11_1E",1,"E",38.5,5,18,0,1,"small","1","1","0","1",2016,""
2019,"11","control","11_1E",1,"E",78.5,18,22,1,8,"medium","1","1","1","1",2016,""
2020,"11","control","11_1E",1,"E",151,22,27,8,7,"medium","1","1","1","1",2016,""
2021,"11","control","11_1E",1,"E",123,27,25,7,4,"large","1","1","1","1",2016,"One panicle partly chewed off"
2022,"11","control","11_1E",1,"E",127,25,25,4,6,"medium","1","1","1","1",2016,""
2023,"11","control","11_1E",1,"E",95,25,10,6,1,"medium","1","1","1","1",2016,""
2024,"11","control","11_1E",1,"E",71,10,14,1,1,"medium","1","1","1","1",2016,""
2025,"11","control","11_1E",1,"E",79,14,NA,1,NA,"medium","1",NA,"1",NA,2016,""
2023,"11","control","11_2J",2,"J",53,11,12,0,0,"medium","1","1","0","0",2023,"is this new?"
2024,"11","control","11_2J",2,"J",52,12,13,0,0,"medium","1","1","0","0",2023,""
2025,"11","control","11_2J",2,"J",84,13,NA,0,NA,"medium","1",NA,"0",NA,2023,""
2022,"11","control","11_31I",13,"I",73,16,10,0,2,"medium","1","1","0","1",2022,"new in 2022"
2023,"11","control","11_31I",13,"I",80,10,12,2,0,"medium","1","1","1","0",2022,"this is 13J"
2024,"11","control","11_31I",13,"I",86,12,28,0,2,"medium","1","1","0","1",2022,"this is 13J"
2025,"11","control","11_31I",13,"I",143,28,NA,2,NA,"large","1",NA,"1",NA,2022,"this is 13J, more in 11/12J"
2017,"11","control","11_3B",3,"B",61,1,2,1,1,"small","1","1","1","1",2017,"New"
2018,"11","control","11_3B",3,"B",45.5,2,7,1,0,"small","1","1","1","0",2017,""
2019,"11","control","11_3B",3,"B",50.5,7,11,0,8,"small","1","1","0","1",2017,""
2020,"11","control","11_3B",3,"B",140,11,17,8,9,"medium","1","1","1","1",2017,""
2021,"11","control","11_3B",3,"B",139,17,37,9,5,"medium","1","1","1","1",2017,""
2022,"11","control","11_3B",3,"B",116,37,30,5,15,"large","1","1","1","1",2017,""
2023,"11","control","11_3B",3,"B",134,30,12,15,2,"large","1","1","1","1",2017,""
2024,"11","control","11_3B",3,"B",120,12,23,2,9,"medium","1","1","1","1",2017,"lots of thatch"
2025,"11","control","11_3B",3,"B",136,23,NA,9,NA,"medium","1",NA,"1",NA,2017,""
2020,"11","control","11_4I",4,"I",49,1,14,0,0,"seedling","1","1","0","0",2020,""
2021,"11","control","11_4I",4,"I",56,14,41,0,0,"medium","1","1","0","0",2020,"Fungus. One panicle maybe eaten off"
2022,"11","control","11_4I",4,"I",76,41,41,0,0,"large","1","1","0","0",2020,""
2023,"11","control","11_4I",4,"I",77,41,55,0,0,"large","1","1","0","0",2020,""
2024,"11","control","11_4I",4,"I",83,55,66,0,0,"large","1","1","0","0",2020,""
2025,"11","control","11_4I",4,"I",109,66,NA,0,NA,"large","1",NA,"0",NA,2020,""
2018,"11","control","11_9I",9,"I",48.5,10,6,0,0,"medium","1","1","0","0",2018,"new plant"
2019,"11","control","11_9I",9,"I",48.5,6,30,0,4,"small","1","1","0","1",2018,""
2020,"11","control","11_9I",9,"I",131,30,31,4,0,"large","1","1","1","0",2018,""
2021,"11","control","11_9I",9,"I",68,31,38,0,7,"large","1","1","0","1",2018,"Fungus"
2022,"11","control","11_9I",9,"I",149,38,36,7,4,"large","1","1","1","1",2018,""
2023,"11","control","11_9I",9,"I",75,36,26,4,1,"large","1","1","1","1",2018,""
2024,"11","control","11_9I",9,"I",86.5,26,56,1,12,"large","1","1","1","1",2018,""
2025,"11","control","11_9I",9,"I",165,56,NA,12,NA,"large","1",NA,"1",NA,2018,""
2022,"12","irrigated","12_0C",0,"C",62.5,6,18,0,0,"seedling","1","1","0","0",2022,"on plot edge; new in 2022"
2023,"12","irrigated","12_0C",0,"C",37,18,12,0,3,"medium","1","1","0","1",2022,""
2024,"12","irrigated","12_0C",0,"C",70,12,40,3,12,"medium","1","1","1","1",2022,"on plot edge, 1 panicle broken"
2025,"12","irrigated","12_0C",0,"C",122,40,NA,12,NA,"large","1",NA,"1",NA,2022,"plot edge"
2017,"12","irrigated","12_0J",0,"J",44.5,4,10,4,0,"small","1","1","1","0",2017,"New"
2018,"12","irrigated","12_0J",0,"J",36,10,9,0,1,"medium","1","1","0","1",2017,""
2019,"12","irrigated","12_0J",0,"J",46,9,3,1,2,"medium","1","1","1","1",2017,""
2020,"12","irrigated","12_0J",0,"J",88,3,8,2,0,"small","1","1","1","0",2017,""
2021,"12","irrigated","12_0J",0,"J",56.5,8,8,0,0,"small","1","1","0","0",2017,""
2022,"12","irrigated","12_0J",0,"J",62,8,11,0,1,"small","1","1","0","1",2017,""
2023,"12","irrigated","12_0J",0,"J",84,11,11,1,2,"medium","1","1","1","1",2017,""
2024,"12","irrigated","12_0J",0,"J",90,11,24,2,0,"medium","1","1","1","0",2017,"shrank last year, called all stems this plant"
2025,"12","irrigated","12_0J",0,"J",76,24,NA,0,NA,"medium","1",NA,"0",NA,2017,""
2019,"12","irrigated","12_16T",16,"T",30.5,1,NA,0,NA,"seedling","1",NA,"0",NA,2019,"NEW PLANT,DIVERSITY"
2020,"12","irrigated","12_16T",16,"T",NA,NA,NA,NA,NA,NA,NA,NA,NA,NA,2019,"div plot, missing"
2021,"12","irrigated","12_16T",16,"T",0,NA,1,NA,0,NA,NA,"1",NA,"0",2019,"NP. Just lots of Anthoxanthum"
2022,"12","irrigated","12_16T",16,"T",74.5,1,3,0,1,"small","1","1","0","1",2019,"diversity (~16I)"
2023,"12","irrigated","12_16T",16,"T",114,3,2,1,1,"small","1","1","1","1",2019,"16I in diversity"
2024,"12","irrigated","12_16T",16,"T",95,2,1,1,0,"small","1","1","1","0",2019,"16I in diversity"
2025,"12","irrigated","12_16T",16,"T",60,1,NA,0,NA,"small","1",NA,"0",NA,2019,"16I in diversity"
2016,"12","irrigated","12_18J",18,"J",47,10,NA,1,NA,"medium","1","0","1",NA,2016,""
2017,"12","irrigated","12_18J",18,"J",NA,NA,NA,NA,NA,"dead","0",NA,NA,NA,2016,"Missing (or Poa)"
2019,"12","irrigated","12_18T",18,"T",37,2,11,0,0,"seedling","1","1","0","0",2019,"NEW PLANT, DIVERSITY"
2020,"12","irrigated","12_18T",18,"T",52,11,19,0,1,"medium","1","1","0","1",2019,"div plot"
2021,"12","irrigated","12_18T",18,"T",86,19,7,1,0,"medium","1","1","1","0",2019,""
2022,"12","irrigated","12_18T",18,"T",57,7,3,0,0,"small","1","1","0","0",2019,"diversity (~18I)"
2023,"12","irrigated","12_18T",18,"T",34,3,2,0,0,"small","1","1","0","0",2019,"18I in diversity"
2024,"12","irrigated","12_18T",18,"T",36,2,8,0,1,"small","1","1","0","1",2019,"18I in diversity"
2025,"12","irrigated","12_18T",18,"T",54,8,NA,1,NA,"small","1",NA,"1",NA,2019,"18I in diversity"
2016,"12","irrigated","12_19B",19,"B",82,9,NA,4,NA,"medium","1",NA,"1",NA,2016,"Diversity plot"
2016,"12","irrigated","12_19C",19,"C",61,7,NA,2,NA,"small","1","0","1",NA,2016,""
2017,"12","irrigated","12_19C",19,"C",NA,NA,NA,NA,NA,"dead","0",NA,NA,NA,2016,"Missing (or Poa)"
2016,"12","irrigated","12_19G",19,"G",84,3,NA,3,NA,"small","1","0","1",NA,2016,""
2017,"12","irrigated","12_19G",19,"G",NA,NA,NA,NA,NA,"dead","0",NA,NA,NA,2016,"Missing (or Poa)"
2016,"12","irrigated","12_19I",19,"I",69,16,1,4,1,"medium","1","1","1","1",2016,"Partially out of plot"
2017,"12","irrigated","12_19I",19,"I",39,1,1,1,0,"small","1","1","1","0",2016,"Out of plot"
2018,"12","irrigated","12_19I",19,"I",31.5,1,NA,0,NA,"small","1","0","0",NA,2016,""
2019,"12","irrigated","12_19I",19,"I",NA,NA,NA,NA,NA,"dead","0",NA,NA,NA,2016,"MISSING"
2017,"12","irrigated","12_19K",19,"K",53,6,3,4,0,"small","1","1","1","0",2017,"Diversity plot (distance from demography plot)"
2018,"12","irrigated","12_19K",19,"K",44,3,3,0,0,"small","1","1","0","0",2017,""
2019,"12","irrigated","12_19K",19,"K",39,3,4,0,0,"small","1","1","0","0",2017,"DIVERSITY PLOT"
2020,"12","irrigated","12_19K",19,"K",51,4,11,0,0,"small","1","1","0","0",2017,"div plot"
2021,"12","irrigated","12_19K",19,"K",64,11,3,0,0,"medium","1","1","0","0",2017,""
2022,"12","irrigated","12_19K",19,"K",53,3,7,0,0,"small","1","1","0","0",2017,"diversity (~19A)"
2023,"12","irrigated","12_19K",19,"K",55,7,7,0,0,"small","1","1","0","0",2017,"19A in diversity"
2024,"12","irrigated","12_19K",19,"K",63,7,NA,0,NA,"small","1",NA,"0",NA,2017,"19A in diversity; closer to 19B, lots of thatch and sedge"
2025,"12","irrigated","12_19K",19,"K",NA,NA,NA,NA,NA,NA,NA,NA,NA,NA,2017,"NP, 19A in diversity; closer to 19B"
2022,"12","irrigated","12_19P",19,"P",57.5,1,6,0,0,"seedling","1","1","0","0",2022,"in diversity (~19E); new in 2022"
2023,"12","irrigated","12_19P",19,"P",63,6,3,0,1,"small","1","1","0","1",2022,"19E in diversity"
2024,"12","irrigated","12_19P",19,"P",91,3,NA,1,NA,"small","1",NA,"1",NA,2022,"19E in diversity, into buffer"
2025,"12","irrigated","12_19P",19,"P",NA,NA,NA,NA,NA,NA,NA,NA,NA,NA,2022,"NP, 19E in diversity, into buffer"
2021,"12","irrigated","12_19S",19,"S",62,7,2,0,0,"seedling","1","1","0","0",2021,"In diversity plot."
2022,"12","irrigated","12_19S",19,"S",41,2,3,0,0,"small","1","1","0","0",2021,"diversity (~19H)"
2023,"12","irrigated","12_19S",19,"S",51,3,4,0,0,"small","1","1","0","0",2021,"19H in diversity"
2024,"12","irrigated","12_19S",19,"S",47,4,5,0,0,"small","1","1","0","0",2021,"18H in diversity; fungus"
2025,"12","irrigated","12_19S",19,"S",50,5,NA,0,NA,"small","1",NA,"0",NA,2021,"19H in diversity"
2019,"12","irrigated","12_19T",19,"T",36,2,13,0,3,"seedling","1","1","0","1",2019,"NEW PLANT, DIVERSITY"
2020,"12","irrigated","12_19T",19,"T",76,13,9,3,0,"medium","1","1","1","0",2019,"div plot, plant extends in to 18 I"
2021,"12","irrigated","12_19T",19,"T",67,9,5,0,0,"medium","1","1","0","0",2019,""
2022,"12","irrigated","12_19T",19,"T",58,5,NA,0,NA,"small","1","0","0",NA,2019,"diversity (~19I)"
2023,"12","irrigated","12_19T",19,"T",NA,NA,NA,NA,NA,"dead","0",NA,NA,NA,2019,"np. 19I in diversity"
2024,"12","irrigated","12_1G",1,"G",27.5,2,NA,0,NA,"seedling","1",NA,"0",NA,2024,""
2025,"12","irrigated","12_1G",1,"G",NA,NA,NA,NA,NA,NA,NA,NA,NA,NA,2024,"NP"
2023,"12","irrigated","12_2J",2,"J",65,9,7,0,0,"medium","1","1","0","0",2023,"is this new?"
2024,"12","irrigated","12_2J",2,"J",59,7,23,0,0,"small","1","1","0","0",2023,""
2025,"12","irrigated","12_2J",2,"J",82,23,NA,0,NA,"medium","1",NA,"0",NA,2023,""
2017,"12","irrigated","12_8B",8,"B",40,5,1,1,0,"small","1","1","1","0",2017,"New"
2018,"12","irrigated","12_8B",8,"B",30,1,1,0,0,"small","1","1","0","0",2017,""
2019,"12","irrigated","12_8B",8,"B",18,1,5,0,0,"small","1","1","0","0",2017,""
2020,"12","irrigated","12_8B",8,"B",42,5,8,0,0,"small","1","1","0","0",2017,""
2021,"12","irrigated","12_8B",8,"B",58,8,12,0,3,"small","1","1","0","1",2017,""
2022,"12","irrigated","12_8B",8,"B",115,12,29,3,2,"medium","1","1","1","1",2017,""
2023,"12","irrigated","12_8B",8,"B",31,29,33,2,13,"large","1","1","1","1",2017,""
2024,"12","irrigated","12_8B",8,"B",124,33,63,13,11,"large","1","1","1","1",2017,"lots of thatch"
2025,"12","irrigated","12_8B",8,"B",154,63,NA,11,NA,"large","1",NA,"1",NA,2017,""
2016,"13","control","13_12I",12,"I",43,5,3,2,0,"small","1","1","1","0",2016,""
2017,"13","control","13_12I",12,"I",27,3,5,0,0,"small","1","1","0","0",2016,""
2018,"13","control","13_12I",12,"I",21,5,1,0,0,"small","1","1","0","0",2016,""
2019,"13","control","13_12I",12,"I",28,1,1,0,0,"small","1","1","0","0",2016,""
2020,"13","control","13_12I",12,"I",10.5,1,NA,0,NA,"small","1","0","0",NA,2016,""
2021,"13","control","13_12I",12,"I",0,NA,NA,NA,NA,"dead","0",NA,NA,NA,2016,"NP. Everything nearby very dry"
2016,"13","control","13_13H",13,"H",39,9,3,4,0,"medium","1","1","1","0",2016,""
2017,"13","control","13_13H",13,"H",41,3,1,0,0,"small","1","1","0","0",2016,""
2018,"13","control","13_13H",13,"H",22.5,1,1,0,0,"small","1","1","0","0",2016,""
2019,"13","control","13_13H",13,"H",29,1,NA,0,NA,"small","1","0","0",NA,2016,""
2020,"13","control","13_13H",13,"H",NA,NA,NA,NA,NA,"dead","0",NA,NA,NA,2016,"missing"
2019,"13","control","13_14C",14,"C",43.5,5,14,1,5,"small","1","1","1","1",2019,"NEW PLANT"
2020,"13","control","13_14C",14,"C",108,14,7,5,1,"medium","1","1","1","1",2019,""
2021,"13","control","13_14C",14,"C",109,7,13,1,1,"small","1","1","1","1",2019,""
2022,"13","control","13_14C",14,"C",82,13,12,1,1,"medium","1","1","1","1",2019,"pancile dead (no seeds)"
2023,"13","control","13_14C",14,"C",56,12,30,1,3,"medium","1","1","1","1",2019,""
2024,"13","control","13_14C",14,"C",90,30,6,3,3,"large","1","1","1","1",2019,""
2025,"13","control","13_14C",14,"C",128,6,NA,3,NA,"small","1",NA,"1",NA,2019,""
2021,"13","control","13_19D",19,"D",30.5,1,NA,NA,NA,"small","1","0",NA,NA,2021,""
2022,"13","control","13_19D",19,"D",NA,NA,NA,NA,NA,"dead","0",NA,NA,NA,2021,"NP"
2016,"13","control","13_19I",19,"I",61.5,7,5,1,3,"small","1","1","1","1",2016,""
2017,"13","control","13_19I",19,"I",66,5,7,3,0,"small","1","1","1","0",2016,""
2018,"13","control","13_19I",19,"I",29,7,2,0,1,"small","1","1","0","1",2016,""
2019,"13","control","13_19I",19,"I",62.5,2,2,1,1,"small","1","1","1","1",2016,""
2020,"13","control","13_19I",19,"I",102.5,2,5,1,0,"small","1","1","1","0",2016,"another panicle was broken off"
2021,"13","control","13_19I",19,"I",40,5,NA,0,NA,"small","1",NA,"0",NA,2016,""
2022,"13","control","13_19I",19,"I",NA,NA,12,NA,0,NA,NA,"1",NA,"0",2016,"NP"
2023,"13","control","13_19I",19,"I",31,12,1,0,0,"medium","1","1","0","0",2016,""
2024,"13","control","13_19I",19,"I",43,1,NA,0,NA,"small","1",NA,"0",NA,2016,"Maybe the NP in 19I? Very small though"
2024,"13","control","13_19I",19,"I",NA,NA,3,NA,0,NA,NA,"1",NA,"0",2016,"NP"
2025,"13","control","13_19I",19,"I",37,3,NA,0,NA,"small","1",NA,"0",NA,2016,"Maybe the NP in 19I? Very small though and only plant in 19I"
2025,"13","control","13_19I",19,"I",NA,NA,NA,NA,NA,NA,NA,NA,NA,NA,2016,"NP for 2 years"
2019,"13","control","13_4I",4,"I",30.5,1,NA,0,NA,"seedling","1",NA,"0",NA,2019,"NEW PLANT"
2020,"13","control","13_4I",4,"I",NA,NA,3,NA,0,NA,NA,"1",NA,"0",2019,"missing"
2021,"13","control","13_4I",4,"I",33.5,3,4,0,0,"small","1","1","0","0",2019,""
2022,"13","control","13_4I",4,"I",48,4,8,0,0,"small","1","1","0","0",2019,""
2023,"13","control","13_4I",4,"I",32,8,12,0,1,"small","1","1","0","1",2019,""
2024,"13","control","13_4I",4,"I",79,12,11,1,0,"medium","1","1","1","0",2019,"next to tag 3778"
2025,"13","control","13_4I",4,"I",50,11,NA,0,NA,"medium","1",NA,"0",NA,2019,"next to tag 3778"
2016,"13","control","13_5C",5,"C",33.5,7,NA,3,NA,"small","1","0","1",NA,2016,""
2017,"13","control","13_5C",5,"C",NA,NA,NA,NA,NA,"dead","0",NA,NA,NA,2016,"Missing (misidentified last year?)"
2016,"13","control","13_5H",5,"H",48,8,5,2,1,"small","1","1","1","1",2016,""
2017,"13","control","13_5H",5,"H",38,5,5,1,0,"small","1","1","1","0",2016,""
2018,"13","control","13_5H",5,"H",28,5,5,0,1,"small","1","1","0","1",2016,""
2019,"13","control","13_5H",5,"H",45.5,5,8,1,4,"small","1","1","1","1",2016,""
2020,"13","control","13_5H",5,"H",118,8,1,4,0,"small","1","1","1","0",2016,""
2021,"13","control","13_5H",5,"H",35.5,1,NA,0,NA,"small","1",NA,"0",NA,2016,""
2022,"13","control","13_5H",5,"H",NA,NA,1,NA,0,NA,NA,"1",NA,"0",2016,"NP"
2023,"13","control","13_5H",5,"H",27,1,2,0,0,"small","1","1","0","0",2016,""
2024,"13","control","13_5H",5,"H",21,2,10,0,2,"small","1","1","0","1",2016,"to right of plant in 4I"
2025,"13","control","13_5H",5,"H",114,10,NA,2,NA,"medium","1",NA,"1",NA,2016,"to right of plant in 4I"
2016,"13","control","13_6H",6,"H",26.5,4,1,1,1,"small","1","1","1","1",2016,""
2017,"13","control","13_6H",6,"H",24.5,1,2,1,0,"small","1","1","1","0",2016,""
2018,"13","control","13_6H",6,"H",15,2,2,0,0,"small","1","1","0","0",2016,""
2019,"13","control","13_6H",6,"H",24,2,2,0,1,"small","1","1","0","1",2016,""
2020,"13","control","13_6H",6,"H",78,2,2,1,1,"small","1","1","1","1",2016,""
2021,"13","control","13_6H",6,"H",59.5,2,1,1,0,"small","1","1","1","0",2016,""
2022,"13","control","13_6H",6,"H",28,1,1,0,0,"small","1","1","0","0",2016,""
2023,"13","control","13_6H",6,"H",27,1,1,0,0,"small","1","1","0","0",2016,""
2024,"13","control","13_6H",6,"H",22,1,NA,0,NA,"small","1",NA,"0",NA,2016,""
2025,"13","control","13_6H",6,"H",NA,NA,NA,NA,NA,NA,NA,NA,NA,NA,2016,"NP"
2017,"13","control","13_9H",9,"H",44,3,2,1,0,"small","1","1","1","0",2017,"New"
2018,"13","control","13_9H",9,"H",25.5,2,3,0,2,"small","1","1","0","1",2017,""
2019,"13","control","13_9H",9,"H",53.5,3,4,2,1,"small","1","1","1","1",2017,""
2020,"13","control","13_9H",9,"H",120,4,5,1,1,"small","1","1","1","1",2017,""
2021,"13","control","13_9H",9,"H",73.5,5,4,1,1,"small","1","1","1","1",2017,""
2022,"13","control","13_9H",9,"H",86,4,15,1,4,"small","1","1","1","1",2017,"panicle broken off (no seeds)"
2023,"13","control","13_9H",9,"H",37,15,18,4,1,"medium","1","1","1","1",2017,""
2024,"13","control","13_9H",9,"H",66,18,28,1,8,"medium","1","1","1","1",2017,""
2025,"13","control","13_9H",9,"H",103,28,NA,8,NA,"large","1",NA,"1",NA,2017,""
2020,"14","drought","14_0A",0,"A",101,8,6,3,2,"small","1","1","1","1",2020,""
2021,"14","drought","14_0A",0,"A",85.5,6,NA,2,NA,"small","1","0","1",NA,2020,"On nail, almost outside plot"
2022,"14","drought","14_0A",0,"A",NA,NA,NA,NA,NA,"dead","0",NA,NA,NA,2020,"NP"
2022,"14","drought","14_0D",0,"D",111,2,6,1,4,"small","1","1","1","1",2022,"new in 2022"
2023,"14","drought","14_0D",0,"D",92,6,4,4,2,"small","1","1","1","1",2022,""
2024,"14","drought","14_0D",0,"D",104,4,6,2,3,"small","1","1","1","1",2022,""
2025,"14","drought","14_0D",0,"D",128,6,NA,3,NA,"small","1",NA,"1",NA,2022,""
2024,"14","drought","14_0F",0,"F",47,1,2,0,1,"seedling","1","1","0","1",2024,"maybe not a baby - doesn't seem like part of 0D clump"
2025,"14","drought","14_0F",0,"F",133,2,NA,1,NA,"small","1",NA,"1",NA,2024,""
2016,"14","drought","14_12I",12,"I",74.5,3,24,2,9,"small","1","1","1","1",2016,""
2017,"14","drought","14_12I",12,"I",72,24,7,9,0,"medium","1","1","1","0",2016,""
2018,"14","drought","14_12I",12,"I",52.5,7,NA,0,NA,"small","1",NA,"0",NA,2016,""
2019,"14","drought","14_12I",12,"I",NA,NA,NA,NA,NA,NA,NA,NA,NA,NA,2016,"MISSING"
2020,"14","drought","14_12I",12,"I",NA,NA,8,NA,2,NA,NA,"1",NA,"1",2016,"missing"
2021,"14","drought","14_12I",12,"I",110,8,NA,2,NA,"small","1",NA,"1",NA,2016,"Half the clump is in diversity. Lots of Elymus mixed in"
2022,"14","drought","14_12I",12,"I",NA,NA,7,NA,0,NA,NA,"1",NA,"0",2016,"NP"
2023,"14","drought","14_12I",12,"I",52,7,7,0,0,"small","1","1","0","0",2016,"closer to 14J, maybe missed last year"
2024,"14","drought","14_12I",12,"I",46,7,4,0,0,"small","1","1","0","0",2016,"closer to 14J"
2025,"14","drought","14_12I",12,"I",63,4,NA,0,NA,"small","1",NA,"0",NA,2016,""
2016,"14","drought","14_15B",15,"B",100,18,3,5,0,"medium","1","1","1","0",2016,""
2017,"14","drought","14_15B",15,"B",58,3,2,0,0,"small","1","1","0","0",2016,""
2018,"14","drought","14_15B",15,"B",42,2,6,0,0,"small","1","1","0","0",2016,""
2019,"14","drought","14_15B",15,"B",60,6,6,0,3,"small","1","1","0","1",2016,""
2020,"14","drought","14_15B",15,"B",97,6,7,3,1,"small","1","1","1","1",2016,""
2021,"14","drought","14_15B",15,"B",49.5,7,4,1,0,"small","1","1","1","0",2016,""
2022,"14","drought","14_15B",15,"B",74,4,7,0,2,"small","1","1","0","1",2016,""
2023,"14","drought","14_15B",15,"B",74,7,5,2,0,"small","1","1","1","0",2016,""
2024,"14","drought","14_15B",15,"B",50.5,5,12,0,0,"small","1","1","0","0",2016,""
2025,"14","drought","14_15B",15,"B",66,12,NA,0,NA,"medium","1",NA,"0",NA,2016,""
2016,"14","drought","14_15C",15,"C",86,3,4,2,1,"small","1","1","1","1",2016,""
2017,"14","drought","14_15C",15,"C",69,4,9,1,0,"small","1","1","1","0",2016,""
2018,"14","drought","14_15C",15,"C",60.5,9,1,0,0,"medium","1","1","0","0",2016,""
2019,"14","drought","14_15C",15,"C",49,1,1,0,0,"small","1","1","0","0",2016,""
2020,"14","drought","14_15C",15,"C",57,1,2,0,0,"small","1","1","0","0",2016,""
2021,"14","drought","14_15C",15,"C",39,2,NA,0,NA,"small","1","0","0",NA,2016,""
2022,"14","drought","14_15C",15,"C",NA,NA,NA,NA,NA,"dead","0",NA,NA,NA,2016,"NP"
2019,"14","drought","14_16B",16,"B",64,10,6,2,1,"medium","1","1","1","1",2019,"NEW PLANT"
2020,"14","drought","14_16B",16,"B",89,6,4,1,1,"small","1","1","1","1",2019,""
2021,"14","drought","14_16B",16,"B",69.5,4,4,1,0,"small","1","1","1","0",2019,""
2022,"14","drought","14_16B",16,"B",62,4,10,0,2,"small","1","1","0","1",2019,""
2023,"14","drought","14_16B",16,"B",86,10,5,2,1,"medium","1","1","1","1",2019,""
2024,"14","drought","14_16B",16,"B",96,5,6,1,0,"small","1","1","1","0",2019,"stems far apart but one clump"
2025,"14","drought","14_16B",16,"B",73,6,NA,0,NA,"small","1",NA,"0",NA,2019,"stems far apart, but one clump"
2016,"14","drought","14_16D",16,"D",46,4,2,0,1,"small","1","1","0","1",2016,""
2017,"14","drought","14_16D",16,"D",44,2,2,1,0,"small","1","1","1","0",2016,""
2018,"14","drought","14_16D",16,"D",38,2,1,0,0,"small","1","1","0","0",2016,""
2019,"14","drought","14_16D",16,"D",26,1,NA,0,NA,"small","1","0","0",NA,2016,""
2020,"14","drought","14_16D",16,"D",NA,NA,NA,NA,NA,"dead","0",NA,NA,NA,2016,"missing"
2016,"14","drought","14_19I",19,"I",91,8,3,3,0,"small","1","1","1","0",2016,""
2017,"14","drought","14_19I",19,"I",48,3,1,0,0,"small","1","1","0","0",2016,""
2018,"14","drought","14_19I",19,"I",8,1,NA,0,NA,"small","1","0","0",NA,2016,"outside of the plot"
2019,"14","drought","14_19I",19,"I",NA,NA,NA,NA,NA,"dead","0",NA,NA,NA,2016,"MISSING, LOTS OF ELYMUS NEARBY"
2021,"14","drought","14_2B",2,"B",98.5,5,5,0,0,"seedling","1","1","0","0",2021,""
2022,"14","drought","14_2B",2,"B",51,5,4,0,0,"small","1","1","0","0",2021,""
2023,"14","drought","14_2B",2,"B",48,4,2,0,2,"small","1","1","0","1",2021,""
2024,"14","drought","14_2B",2,"B",89.5,2,5,2,1,"small","1","1","1","1",2021,""
2025,"14","drought","14_2B",2,"B",107,5,NA,1,NA,"small","1",NA,"1",NA,2021,""
2017,"14","drought","14_4B",4,"B",59,3,4,2,0,"small","1","1","1","0",2017,"New"
2018,"14","drought","14_4B",4,"B",35.5,4,NA,0,NA,"small","1",NA,"0",NA,2017,""
2019,"14","drought","14_4B",4,"B",NA,NA,NA,NA,NA,NA,NA,NA,NA,NA,2017,"MSSING"
2020,"14","drought","14_4B",4,"B",NA,NA,2,NA,0,NA,NA,"1",NA,"0",2017,"missing"
2021,"14","drought","14_4B",4,"B",31,2,NA,0,NA,"small","1","0","0",NA,2017,""
2022,"14","drought","14_4B",4,"B",NA,NA,NA,NA,NA,"dead","0",NA,NA,NA,2017,"NP, anthoxanthum"
2019,"14","drought","14_6J",6,"J",74,12,18,2,6,"medium","1","1","1","1",2019,""
2020,"14","drought","14_6J",6,"J",140,18,10,6,0,"medium","1","1","1","0",2019,""
2021,"14","drought","14_6J",6,"J",31.5,10,9,0,1,"medium","1","1","0","1",2019,""
2022,"14","drought","14_6J",6,"J",99,9,11,1,1,"medium","1","1","1","1",2019,""
2023,"14","drought","14_6J",6,"J",104,11,4,1,1,"medium","1","1","1","1",2019,""
2024,"14","drought","14_6J",6,"J",101,4,10,1,3,"small","1","1","1","1",2019,""
2025,"14","drought","14_6J",6,"J",97,10,NA,3,NA,"medium","1",NA,"1",NA,2019,""
2016,"14","drought","14_7B",7,"B",123,9,2,4,0,"medium","1","1","1","0",2016,""
2017,"14","drought","14_7B",7,"B",54,2,NA,0,NA,"small","1",NA,"0",NA,2016,""
2018,"14","drought","14_7B",7,"B",NA,NA,NA,NA,NA,NA,NA,NA,NA,NA,2016,"no plant"
2019,"14","drought","14_7B",7,"B",NA,NA,3,NA,0,NA,NA,"1",NA,"0",2016,"MISSING"
2020,"14","drought","14_7B",7,"B",26,3,NA,0,NA,"small","1","0","0",NA,2016,""
2021,"14","drought","14_7B",7,"B",0,NA,NA,NA,NA,"dead","0",NA,NA,NA,2016,"NP"
2016,"14","drought","14_9J",9,"J",113,12,NA,3,NA,"medium","1","0","1",NA,2016,""
2017,"14","drought","14_9J",9,"J",NA,NA,NA,NA,NA,"dead","0",NA,NA,NA,2016,"Missing "
2020,"14","drought","14_9J",9,"J",NA,NA,NA,NA,NA,NA,NA,NA,NA,NA,2016,"missing"
2021,"14","drought","14_9J",9,"J",0,NA,2,NA,0,NA,NA,"1",NA,"0",2016,"NP. Lots of Elymus"
2022,"14","drought","14_9J",9,"J",54,2,5,0,0,"small","1","1","0","0",2016,""
2023,"14","drought","14_9J",9,"J",65,5,5,0,0,"small","1","1","0","0",2016,""
2024,"14","drought","14_9J",9,"J",61,5,5,0,0,"small","1","1","0","0",2016,""
2025,"14","drought","14_9J",9,"J",47,5,NA,0,NA,"small","1",NA,"0",NA,2016,""
2021,"15","drought","15_16N",16,"N",108,7,2,5,0,"small","1","1","1","0",2021,"In diversity, in middle with Oregon grape. First year measured, but was probably here previous years (lots of dead stems)"
2022,"15","drought","15_16N",16,"N",68,2,6,0,2,"small","1","1","0","1",2021,""
2023,"15","drought","15_16N",16,"N",47,6,1,2,0,"small","1","1","1","0",2021,"16D in diversity, closer to 14-15"
2024,"15","drought","15_16N",16,"N",38,1,2,0,0,"small","1","1","0","0",2021,"16D in diversity, closer to 14-15"
2025,"15","drought","15_16N",16,"N",56,2,NA,0,NA,"small","1",NA,"0",NA,2021,"16D in diversity, closer to 14-15"
2016,"1","irrigated","1_4F",4,"F",44,4,4,0,1,"small","1","1","0","1",2016,""
2017,"1","irrigated","1_4F",4,"F",43.5,4,2,1,0,"small","1","1","1","0",2016,""
2018,"1","irrigated","1_4F",4,"F",46,2,2,0,0,"small","1","1","0","0",2016,""
2019,"1","irrigated","1_4F",4,"F",37.5,2,1,0,0,"small","1","1","0","0",2016,"DEAD STEM FROM LAST YEAR"
2020,"1","irrigated","1_4F",4,"F",13.5,1,3,0,0,"small","1","1","0","0",2016,""
2021,"1","irrigated","1_4F",4,"F",33.5,3,1,0,0,"small","1","1","0","0",2016,""
2022,"1","irrigated","1_4F",4,"F",29,1,NA,0,NA,"small","1","0","0",NA,2016,""
2023,"1","irrigated","1_4F",4,"F",NA,NA,NA,NA,NA,"dead","0",NA,NA,NA,2016,"np"
2019,"1","irrigated","1_5B",5,"B",25,5,9,0,3,"seedling","1","1","0","1",2019,"NEW PLANT"
2020,"1","irrigated","1_5B",5,"B",100.5,9,4,3,0,"medium","1","1","1","0",2019,"could possibly be the plant rom 6B, is located in 5B"
2021,"1","irrigated","1_5B",5,"B",42.5,4,1,0,0,"small","1","1","0","0",2019,""
2022,"1","irrigated","1_5B",5,"B",54,1,6,0,0,"small","1","1","0","0",2019,""
2023,"1","irrigated","1_5B",5,"B",42,6,5,0,0,"small","1","1","0","0",2019,""
2024,"1","irrigated","1_5B",5,"B",57,5,15,0,0,"small","1","1","0","0",2019,"closer to 5A, orange fungus"
2025,"1","irrigated","1_5B",5,"B",85,15,NA,0,NA,"medium","1",NA,"0",NA,2019,"closer to 5A, on plot edge"
2016,"1","irrigated","1_6B",6,"B",65,18,14,1,7,"medium","1","1","1","1",2016,""
2017,"1","irrigated","1_6B",6,"B",65,14,7,7,1,"medium","1","1","1","1",2016,""
2018,"1","irrigated","1_6B",6,"B",63,7,NA,1,NA,"small","1",NA,"1",NA,2016,""
2019,"1","irrigated","1_6B",6,"B",NA,NA,NA,NA,NA,NA,NA,NA,NA,NA,2016,"MISSING"
2020,"1","irrigated","1_6B",6,"B",NA,NA,8,NA,0,NA,NA,"1",NA,"0",2016,"missing"
2021,"1","irrigated","1_6B",6,"B",58,8,1,0,0,"small","1","1","0","0",2016,""
2022,"1","irrigated","1_6B",6,"B",50,1,1,0,0,"small","1","1","0","0",2016,""
2023,"1","irrigated","1_6B",6,"B",28,1,NA,0,NA,"small","1","0","0",NA,2016,""
2024,"1","irrigated","1_6B",6,"B",NA,NA,NA,NA,NA,"dead","0",NA,NA,NA,2016,"NP"
2016,"1","irrigated","1_6C",6,"C",64.5,4,2,2,1,"small","1","1","1","1",2016,""
2017,"1","irrigated","1_6C",6,"C",42.5,2,5,1,0,"small","1","1","1","0",2016,""
2018,"1","irrigated","1_6C",6,"C",32.5,5,NA,0,NA,"small","1",NA,"0",NA,2016,""
2019,"1","irrigated","1_6C",6,"C",NA,NA,NA,NA,NA,NA,NA,NA,NA,NA,2016,"MISSING"
2020,"1","irrigated","1_6C",6,"C",NA,NA,13,NA,0,NA,NA,"1",NA,"0",2016,"missing"
2021,"1","irrigated","1_6C",6,"C",61,13,NA,0,NA,"medium","1","0","0",NA,2016,""
2022,"1","irrigated","1_6C",6,"C",NA,NA,NA,NA,NA,"dead","0",NA,NA,NA,2016,"NP"
2023,"2","control","2_0B",0,"B",18,1,NA,0,NA,"seedling","1","0","0",NA,2023,""
2024,"2","control","2_0B",0,"B",NA,NA,NA,NA,NA,"dead","0",NA,NA,NA,2023,"NP, only Poa and carex"
2016,"2","control","2_10D",10,"D",33,4,1,0,0,"small","1","1","0","0",2016,""
2017,"2","control","2_10D",10,"D",19.7,1,2,0,0,"small","1","1","0","0",2016,""
2018,"2","control","2_10D",10,"D",15,2,NA,0,NA,"small","1","0","0",NA,2016,""
2019,"2","control","2_10D",10,"D",NA,NA,NA,NA,NA,"dead","0",NA,NA,NA,2016,"MISSING"
2016,"2","control","2_11H",11,"H",62,15,13,1,4,"medium","1","1","1","1",2016,""
2017,"2","control","2_11H",11,"H",45.5,13,18,4,1,"medium","1","1","1","1",2016,""
2018,"2","control","2_11H",11,"H",44.5,18,7,1,0,"medium","1","1","1","0",2016,""
2019,"2","control","2_11H",11,"H",36,7,12,0,0,"small","1","1","0","0",2016,""
2020,"2","control","2_11H",11,"H",43,12,5,0,0,"medium","1","1","0","0",2016,""
2021,"2","control","2_11H",11,"H",37.5,5,NA,0,NA,"small","1","0","0",NA,2016,""
2022,"2","control","2_11H",11,"H",NA,NA,NA,NA,NA,"dead","0",NA,NA,NA,2016,"NP"
2016,"2","control","2_12J",12,"J",31,3,5,0,2,"small","1","1","0","1",2016,""
2017,"2","control","2_12J",12,"J",36,5,2,2,0,"small","1","1","1","0",2016,""
2018,"2","control","2_12J",12,"J",34,2,NA,0,NA,"small","1","0","0",NA,2016,""
2019,"2","control","2_12J",12,"J",NA,NA,NA,NA,NA,"dead","0",NA,NA,NA,2016,"MISSING"
2017,"2","control","2_14J",14,"J",49.5,4,5,2,1,"small","1","1","1","1",2017,"New from last year"
2018,"2","control","2_14J",14,"J",40,5,6,1,0,"small","1","1","1","0",2017,""
2019,"2","control","2_14J",14,"J",32,6,8,0,0,"small","1","1","0","0",2017,""
2020,"2","control","2_14J",14,"J",47,8,13,0,0,"small","1","1","0","0",2017,""
2021,"2","control","2_14J",14,"J",29,13,2,0,0,"medium","1","1","0","0",2017,""
2022,"2","control","2_14J",14,"J",39,2,NA,0,NA,"small","1","0","0",NA,2017,""
2023,"2","control","2_14J",14,"J",NA,NA,NA,NA,NA,"dead","0",NA,NA,NA,2017,"np"
2017,"2","control","2_16B",16,"B",26,7,6,0,0,"seedling","1","1","0","0",2017,"New from last year"
2018,"2","control","2_16B",16,"B",29.5,6,7,0,0,"small","1","1","0","0",2017,""
2019,"2","control","2_16B",16,"B",21,7,19,0,0,"small","1","1","0","0",2017,""
2020,"2","control","2_16B",16,"B",33.5,19,28,0,0,"medium","1","1","0","0",2017,""
2021,"2","control","2_16B",16,"B",29.5,28,8,0,0,"large","1","1","0","0",2017,"Some fungus."
2022,"2","control","2_16B",16,"B",54.5,8,39,0,0,"small","1","1","0","0",2017,"close to a new ones in 16C"
2023,"2","control","2_16B",16,"B",42,39,58,0,0,"large","1","1","0","0",2017,"big clump this year"
2024,"2","control","2_16B",16,"B",55,58,147,0,0,"large","1","1","0","0",2017,"big clump  in 2023 and 2024"
2025,"2","control","2_16B",16,"B",78,147,NA,0,NA,"large","1",NA,"0",NA,2017,"big clump in 2023-2025"
2022,"2","control","2_16C",16,"C",46.5,4,NA,0,NA,"seedling","1","0","0",NA,2022,"don't think this is the NP one in 16D; new in 2022"
2023,"2","control","2_16C",16,"C",NA,NA,NA,NA,NA,"dead","0",NA,NA,NA,2022,"np"
2016,"2","control","2_16D",16,"D",73,37,35,5,19,"large","1","1","1","1",2016,""
2017,"2","control","2_16D",16,"D",67.2,35,13,19,1,"large","1","1","1","1",2016,""
2018,"2","control","2_16D",16,"D",43.5,13,NA,1,NA,"medium","1","0","1",NA,2016,""
2019,"2","control","2_16D",16,"D",NA,NA,NA,NA,NA,"dead","0",NA,NA,NA,2016,"MISSING"
2016,"2","control","2_17G",17,"G",69,10,15,3,7,"medium","1","1","1","1",2016,""
2017,"2","control","2_17G",17,"G",49,15,10,7,2,"medium","1","1","1","1",2016,""
2018,"2","control","2_17G",17,"G",43,10,6,2,0,"medium","1","1","1","0",2016,""
2019,"2","control","2_17G",17,"G",26,6,NA,0,NA,"small","1","0","0",NA,2016,""
2020,"2","control","2_17G",17,"G",NA,NA,NA,NA,NA,"dead","0",NA,NA,NA,2016,"missing"
2016,"2","control","2_19H",19,"H",49,3,2,2,3,"small","1","1","1","1",2016,""
2017,"2","control","2_19H",19,"H",45,2,2,3,0,"small","1","1","1","0",2016,""
2018,"2","control","2_19H",19,"H",30,2,NA,0,NA,"small","1","0","0",NA,2016,""
2019,"2","control","2_19H",19,"H",NA,NA,NA,NA,NA,"dead","0",NA,NA,NA,2016,"MISSING"
2019,"2","control","2_4D",4,"D",19,3,NA,0,NA,"seedling","1","0","0",NA,2019,"NEW PLANT"
2020,"2","control","2_4D",4,"D",NA,NA,NA,NA,NA,"dead","0",NA,NA,NA,2019,"missing, possibly misidentified las year"
2024,"2","control","2_4D_2",4,"D",13,5,NA,0,NA,"seedling","1",NA,"0",NA,2024,"NP for >2 years, found 2024 but might be a new plant or Poa? It's small"
2025,"2","control","2_4D_2",4,"D",NA,NA,NA,NA,NA,NA,NA,NA,NA,NA,2024,"NP, there isn't Poa either"
2019,"2","control","2_5F",5,"F",14,3,NA,0,NA,"seedling","1","0","0",NA,2019,"NEW PLANT"
2020,"2","control","2_5F",5,"F",NA,NA,NA,NA,NA,"dead","0",NA,NA,NA,2019,"missing, possibly misidentified las year"
2018,"3","control","3_15E",15,"E",28.5,3,1,0,0,"seedling","1","1","0","0",2018,"new plant"
2019,"3","control","3_15E",15,"E",25.5,1,9,0,4,"small","1","1","0","1",2018,""
2020,"3","control","3_15E",15,"E",111,9,22,4,4,"medium","1","1","1","1",2018,""
2021,"3","control","3_15E",15,"E",96,22,18,4,3,"medium","1","1","1","1",2018,"Some fungus."
2022,"3","control","3_15E",15,"E",141,18,8,3,0,"medium","1","1","1","0",2018,""
2023,"3","control","3_15E",15,"E",40,8,11,0,1,"small","1","1","0","1",2018,""
2024,"3","control","3_15E",15,"E",106,11,25,1,3,"medium","1","1","1","1",2018,"Assuming all one plant, but stems a bit far from each other, last year had a bad year"
2025,"3","control","3_15E",15,"E",66,25,NA,3,NA,"medium","1",NA,"1",NA,2018,"Assumed 1 plant, stems far, one panicle dead"
2016,"3","control","3_17D",17,"D",85,12,32,2,14,"medium","1","1","1","1",2016,""
2017,"3","control","3_17D",17,"D",64.5,32,25,14,1,"large","1","1","1","1",2016,""
2018,"3","control","3_17D",17,"D",52.5,25,NA,1,NA,"medium","1","0","1",NA,2016,""
2019,"3","control","3_17D",17,"D",NA,NA,NA,NA,NA,"dead","0",NA,NA,NA,2016,"MISSING"
2018,"3","control","3_1C",1,"C",45,4,12,0,1,"seedling","1","1","0","1",2018,"new plant"
2019,"3","control","3_1C",1,"C",46.5,12,6,1,5,"medium","1","1","1","1",2018,""
2020,"3","control","3_1C",1,"C",104,6,44,5,1,"small","1","1","1","1",2018,""
2021,"3","control","3_1C",1,"C",54.5,44,37,1,2,"large","1","1","1","1",2018,"Some fungus."
2022,"3","control","3_1C",1,"C",97,37,62,2,2,"large","1","1","1","1",2018,""
2023,"3","control","3_1C",1,"C",83,62,72,2,2,"large","1","1","1","1",2018,"spans 0 c/d to 2 c/d"
2024,"3","control","3_1C",1,"C",106,72,112,2,4,"large","1","1","1","1",2018,"spans 0 c/d to 2 c/d"
2025,"3","control","3_1C",1,"C",107,112,NA,4,NA,"large","1",NA,"1",NA,2018,"spans 0c/d to 2 c/d"
2022,"3","control","3_3C",3,"C",50,1,1,0,0,"seedling","1","1","0","0",2022,"close to the big one in 1C; new in 2022"
2023,"3","control","3_3C",3,"C",33,1,NA,0,NA,"small","1","0","0",NA,2022,""
2024,"3","control","3_3C",3,"C",NA,NA,NA,NA,NA,"dead","0",NA,NA,NA,2022,"NP"
2023,"3","control","3_4B",4,"B",32,1,NA,0,NA,"seedling","1","0","0",NA,2023,""
2024,"3","control","3_4B",4,"B",NA,NA,NA,NA,NA,"dead","0",NA,NA,NA,2023,"NP but there is a Poa (small)"
2017,"4","irrigated","4_17L",17,"L",43,2,2,1,0,"small","1","1","1","0",2017,"Diversity plot"
2018,"4","irrigated","4_17L",17,"L",45.5,2,5,0,1,"small","1","1","0","1",2017,""
2019,"4","irrigated","4_17L",17,"L",66.5,5,6,1,1,"small","1","1","1","1",2017,""
2020,"4","irrigated","4_17L",17,"L",57,6,23,1,2,"small","1","1","1","1",2017,""
2021,"4","irrigated","4_17L",17,"L",101.5,23,17,2,1,"medium","1","1","1","1",2017,""
2022,"4","irrigated","4_17L",17,"L",78,17,1,1,0,"medium","1","1","1","0",2017,"in div (~17B). Tiny pancile"
2023,"4","irrigated","4_17L",17,"L",42,1,2,0,0,"small","1","1","0","0",2017,"17B in diversity; np for > 2 years"
2024,"4","irrigated","4_17L",17,"L",29,2,NA,0,NA,"small","1",NA,"0",NA,2017,"17B in diversity, np for >2 years, so this is probably a new plant"
2025,"4","irrigated","4_17L",17,"L",NA,NA,NA,NA,NA,NA,NA,NA,NA,NA,2017,"NP, 17B in diversity"
2016,"4","irrigated","4_19F",19,"F",110,15,NA,5,NA,"medium","1",NA,"1",NA,2016,"Outside plot on west side"
2017,"4","irrigated","4_19F",19,"F",NA,NA,NA,NA,NA,NA,NA,NA,NA,NA,2016,"Missing"
2018,"4","irrigated","4_19F",19,"F",NA,NA,3,NA,0,NA,NA,"1",NA,"0",2016,"no plant"
2019,"4","irrigated","4_19F",19,"F",45,3,NA,0,NA,"small","1","0","0",NA,2016,"YES PLANT THIS YEAR"
2020,"4","irrigated","4_19F",19,"F",NA,NA,NA,NA,NA,"dead","0",NA,NA,NA,2016,"missing"
2016,"4","irrigated","4_19J",19,"J",82,42,NA,6,NA,"large","1",NA,"1",NA,2016,"Diversity plot, partially outside plot"
2017,"4","irrigated","4_19T",19,"T",55.5,36,29,8,0,"large","1","1","1","0",2017,"Diversity plot"
2018,"4","irrigated","4_19T",19,"T",66.5,29,33,0,4,"large","1","1","0","1",2017,""
2019,"4","irrigated","4_19T",19,"T",79,33,30,4,6,"large","1","1","1","1",2017,"DIVERSITY PLOT"
2020,"4","irrigated","4_19T",19,"T",134,30,NA,6,NA,"large","1","0","1",NA,2017,"div plot"
2021,"4","irrigated","4_19T",19,"T",0,NA,NA,NA,NA,"dead","0",NA,NA,NA,2017,"NP. One large plant just outside plot."
2017,"5","drought","5_13L",13,"0.2",61,1,2,1,0,"small","1","1","1","0",2017,"Ycoord= distance from demography plot (in diversity plot)"
2018,"5","drought","5_13L",13,"0.2",38.5,2,NA,0,NA,"small","1","0","0",NA,2017,"diversity plot"
2019,"5","drought","5_13L",13,"L",NA,NA,NA,NA,NA,"dead","0",NA,NA,NA,2017,"MISSING, DIVERSITY PLOT"
2017,"5","drought","5_1D",1,"D",46.5,1,1,1,0,"small","1","1","1","0",2017,""
2018,"5","drought","5_1D",1,"D",28,1,NA,0,NA,"small","1","0","0",NA,2017,""
2019,"5","drought","5_1D",1,"D",NA,NA,NA,NA,NA,"dead","0",NA,NA,NA,2017,"MISSING"
2022,"5","drought","5_1I",1,"I",52.5,1,6,0,0,"seedling","1","1","0","0",2022,"new in 2022"
2023,"5","drought","5_1I",1,"I",32,6,10,0,0,"small","1","1","0","0",2022,""
2024,"5","drought","5_1I",1,"I",35,10,25,0,1,"medium","1","1","0","1",2022,""
2025,"5","drought","5_1I",1,"I",27,25,NA,1,NA,"medium","1",NA,"1",NA,2022,""
2016,"5","drought","5_2B",2,"B",45,1,NA,1,NA,"small","1","0","1",NA,2016,"None in plot, included one in the diversity plot"
2017,"5","drought","5_2B",2,"B",NA,NA,NA,NA,NA,"dead","0",NA,NA,NA,2016,"Missing, was meant to be in diversity plot"
2024,"6","irrigated","6_0F",0,"F",108,16,24,8,6,"medium","1","1","1","1",2024,"Probably not new but in plot. See 2023 note, it moved into plot this year"
2025,"6","irrigated","6_0F",0,"F",108,24,NA,6,NA,"medium","1",NA,"1",NA,2024,"edge"
2024,"6","irrigated","6_0H",0,"H",68,4,10,0,2,"seedling","1","1","0","1",2024,"Probably not new but in plot. See 2023 note, it moved into plot this year"
2025,"6","irrigated","6_0H",0,"H",92,10,NA,2,NA,"medium","1",NA,"1",NA,2024,"edge"
2020,"6","irrigated","6_10D",10,"D",32,1,10,0,0,"seedling","1","1","0","0",2020,""
2021,"6","irrigated","6_10D",10,"D",63,10,NA,0,NA,"medium","1",NA,"0",NA,2020,""
2022,"6","irrigated","6_10D",10,"D",NA,NA,1,NA,0,NA,NA,"1",NA,"0",2020,"NP"
2023,"6","irrigated","6_10D",10,"D",39,1,NA,0,NA,"small","1","0","0",NA,2020,""
2024,"6","irrigated","6_10D",10,"D",NA,NA,NA,NA,NA,"dead","0",NA,NA,NA,2020,"NP, there is a Poa"
2022,"6","irrigated","6_2E",2,"E",57,3,8,0,0,"seedling","1","1","0","0",2022,"new in 2022"
2023,"6","irrigated","6_2E",2,"E",50,8,6,0,0,"small","1","1","0","0",2022,""
2024,"6","irrigated","6_2E",2,"E",61,6,3,0,0,"small","1","1","0","0",2022,""
2025,"6","irrigated","6_2E",2,"E",35,3,NA,0,NA,"small","1",NA,"0",NA,2022,""
2020,"6","irrigated","6_6A",6,"A",133,5,6,2,0,"small","1","1","1","0",2020,"could have been ouside plot in previous years"
2021,"6","irrigated","6_6A",6,"A",44,6,2,0,0,"small","1","1","0","0",2020,""
2022,"6","irrigated","6_6A",6,"A",77,2,4,0,0,"small","1","1","0","0",2020,""
2023,"6","irrigated","6_6A",6,"A",64,4,1,0,0,"small","1","1","0","0",2020,""
2024,"6","irrigated","6_6A",6,"A",65,1,NA,0,NA,"small","1",NA,"0",NA,2020,""
2025,"6","irrigated","6_6A",6,"A",NA,NA,NA,NA,NA,NA,NA,NA,NA,NA,2020,"NP"
2016,"6","irrigated","6_6J",6,"J",63.5,10,3,6,1,"medium","1","1","1","1",2016,""
2017,"6","irrigated","6_6J",6,"J",32,3,6,1,0,"small","1","1","1","0",2016,""
2018,"6","irrigated","6_6J",6,"J",40.5,6,NA,0,NA,"small","1","0","0",NA,2016,""
2019,"6","irrigated","6_6J",6,"J",NA,NA,NA,NA,NA,"dead","0",NA,NA,NA,2016,"MISSING"
2016,"6","irrigated","6_9I",9,"I",62,1,2,1,2,"small","1","1","1","1",2016,""
2017,"6","irrigated","6_9I",9,"I",55,2,5,2,0,"small","1","1","1","0",2016,""
2018,"6","irrigated","6_9I",9,"I",38,5,7,0,3,"small","1","1","0","1",2016,""
2019,"6","irrigated","6_9I",9,"I",47,7,12,3,1,"small","1","1","1","1",2016,""
2020,"6","irrigated","6_9I",9,"I",97,12,9,1,3,"medium","1","1","1","1",2016,"spans 9I to 9H"
2021,"6","irrigated","6_9I",9,"I",98,9,4,3,1,"medium","1","1","1","1",2016,"Spans 9I to 9H"
2022,"6","irrigated","6_9I",9,"I",106,4,2,1,0,"small","1","1","1","0",2016,"spans 9I to 9H"
2023,"6","irrigated","6_9I",9,"I",62,2,2,0,1,"small","1","1","0","1",2016,""
2024,"6","irrigated","6_9I",9,"I",75,2,8,1,0,"small","1","1","1","0",2016,"closer to 10H"
2025,"6","irrigated","6_9I",9,"I",40,8,NA,0,NA,"small","1",NA,"0",NA,2016,"closer to 10H"
2016,"7","drought","7_10B",10,"B",64,6,NA,2,NA,"small","1",NA,"1",NA,2016,""
2017,"7","drought","7_10B",10,"B",NA,NA,5,NA,0,NA,NA,"1",NA,"0",2016,"New from last year, looks like Poa"
2018,"7","drought","7_10B",10,"B",33,5,NA,0,NA,"small","1","0","0",NA,2016,""
2019,"7","drought","7_10B",10,"B",NA,NA,NA,NA,NA,"dead","0",NA,NA,NA,2016,"MISSING"
2019,"7","drought","7_13F",13,"F",29.5,1,1,0,0,"seedling","1","1","0","0",2019,""
2020,"7","drought","7_13F",13,"F",44.5,1,3,0,1,"small","1","1","0","1",2019,""
2021,"7","drought","7_13F",13,"F",51.5,3,NA,1,NA,"small","1","0","1",NA,2019,"Panicle just emerging"
2022,"7","drought","7_13F",13,"F",NA,NA,NA,NA,NA,"dead","0",NA,NA,NA,2019,"NP"
2016,"7","drought","7_13G",13,"G",92,10,3,6,0,"medium","1","1","1","0",2016,""
2017,"7","drought","7_13G",13,"G",46,3,1,0,0,"small","1","1","0","0",2016,""
2018,"7","drought","7_13G",13,"G",33.5,1,1,0,0,"small","1","1","0","0",2016,""
2019,"7","drought","7_13G",13,"G",18.5,1,1,0,0,"small","1","1","0","0",2016,""
2020,"7","drought","7_13G",13,"G",35,1,2,0,0,"small","1","1","0","0",2016,""
2021,"7","drought","7_13G",13,"G",29,2,NA,0,NA,"small","1","0","0",NA,2016,""
2022,"7","drought","7_13G",13,"G",NA,NA,NA,NA,NA,"dead","0",NA,NA,NA,2016,"NP"
2016,"7","drought","7_18I",18,"I",99,16,6,10,2,"medium","1","1","1","1",2016,""
2017,"7","drought","7_18I",18,"I",60,6,4,2,0,"small","1","1","1","0",2016,""
2018,"7","drought","7_18I",18,"I",39.5,4,2,0,1,"small","1","1","0","1",2016,""
2019,"7","drought","7_18I",18,"I",26.5,2,2,1,0,"small","1","1","1","0",2016,""
2020,"7","drought","7_18I",18,"I",55,2,NA,0,NA,"small","1","0","0",NA,2016,""
2021,"7","drought","7_18I",18,"I",0,NA,NA,NA,NA,"dead","0",NA,NA,NA,2016,"NP"
2017,"7","drought","7_5D",5,"D",53,5,1,1,0,"small","1","1","1","0",2017,""
2018,"7","drought","7_5D",5,"D",20,1,1,0,0,"small","1","1","0","0",2017,""
2019,"7","drought","7_5D",5,"D",31.5,1,2,0,1,"small","1","1","0","1",2017,""
2020,"7","drought","7_5D",5,"D",99,2,2,1,0,"small","1","1","1","0",2017,""
2021,"7","drought","7_5D",5,"D",33.5,2,4,0,0,"small","1","1","0","0",2017,""
2022,"7","drought","7_5D",5,"D",78,4,6,0,0,"small","1","1","0","0",2017,""
2023,"7","drought","7_5D",5,"D",47,6,1,0,0,"small","1","1","0","0",2017,""
2024,"7","drought","7_5D",5,"D",19.5,1,3,0,0,"small","1","1","0","0",2017,"close to 4D"
2024,"7","drought","7_5D",5,"D",28,3,NA,0,NA,"small","1",NA,"0",NA,2017,""
2025,"7","drought","7_5D",5,"D",NA,NA,NA,NA,NA,NA,NA,NA,NA,NA,2017,"NP, close to 4D"
2016,"7","drought","7_7D",7,"D",62.5,5,5,2,3,"small","1","1","1","1",2016,""
2017,"7","drought","7_7D",7,"D",54,5,4,3,0,"small","1","1","1","0",2016,""
2018,"7","drought","7_7D",7,"D",37,4,NA,0,NA,"small","1",NA,"0",NA,2016,""
2019,"7","drought","7_7D",7,"D",NA,NA,3,NA,1,NA,NA,"1",NA,"1",2016,"MISSING"
2020,"7","drought","7_7D",7,"D",93,3,7,1,0,"small","1","1","1","0",2016,"in 7 C"
2021,"7","drought","7_7D",7,"D",33.5,7,NA,0,NA,"small","1","0","0",NA,2016,"In 7C."
2022,"7","drought","7_7D",7,"D",NA,NA,NA,NA,NA,"dead","0",NA,NA,NA,2016,"NP"
2017,"7","drought","7_8E",8,"E",46,2,1,1,0,"small","1","1","1","0",2017,""
2018,"7","drought","7_8E",8,"E",21,1,NA,0,NA,"small","1","0","0",NA,2017,""
2019,"7","drought","7_8E",8,"E",NA,NA,NA,NA,NA,"dead","0",NA,NA,NA,2017,"MISSING"
2016,"7","drought","7_9C",9,"C",62.5,14,2,7,0,"medium","1","1","1","0",2016,""
2017,"7","drought","7_9C",9,"C",40,2,2,0,0,"small","1","1","0","0",2016,""
2018,"7","drought","7_9C",9,"C",24,2,NA,0,NA,"small","1",NA,"0",NA,2016,""
2019,"7","drought","7_9C",9,"C",NA,NA,12,NA,0,NA,NA,"1",NA,"0",2016,"MISSING"
2020,"7","drought","7_9C",9,"C",31,12,NA,0,NA,"medium","1","0","0",NA,2016,"missing"
2021,"7","drought","7_9C",9,"C",0,NA,NA,NA,NA,"dead","0",NA,NA,NA,2016,"NP. Just Anthoxanthum"
2021,"8","control","8_0A",0,"A",33,9,17,0,2,"medium","1","1","0","1",2021,""
2022,"8","control","8_0A",0,"A",115,17,4,2,0,"medium","1","1","1","0",2021,""
2023,"8","control","8_0A",0,"A",49,4,7,0,1,"small","1","1","0","1",2021,""
2024,"8","control","8_0A",0,"A",119,7,28,1,1,"small","1","1","1","1",2021,""
2025,"8","control","8_0A",0,"A",104,28,NA,1,NA,"large","1",NA,"1",NA,2021,""
2016,"8","control","8_10C",10,"C",82,18,34,9,16,"medium","1","1","1","1",2016,""
2017,"8","control","8_10C",10,"C",78,34,31,16,0,"large","1","1","1","0",2016,""
2018,"8","control","8_10C",10,"C",69.5,31,25,0,5,"large","1","1","0","1",2016,""
2019,"8","control","8_10C",10,"C",50.5,25,31,5,22,"medium","1","1","1","1",2016,""
2020,"8","control","8_10C",10,"C",107,31,40,22,15,"large","1","1","1","1",2016,"very large spreads into 10d,9C,9D"
2021,"8","control","8_10C",10,"C",89,40,16,15,5,"large","1","1","1","1",2016,"Very large, spreads into 10D, 9C, 9D"
2022,"8","control","8_10C",10,"C",126,16,2,5,1,"medium","1","1","1","1",2016,"big last year, did it shrink?"
2023,"8","control","8_10C",10,"C",55,2,NA,1,NA,"small","1","0","1",NA,2016,""
2024,"8","control","8_10C",10,"C",NA,NA,NA,NA,NA,"dead","0",NA,NA,NA,2016,"used to be big, shrank in 2023, NP"
2016,"8","control","8_14B",14,"B",62.5,2,4,2,2,"small","1","1","1","1",2016,""
2017,"8","control","8_14B",14,"B",57,4,1,2,0,"small","1","1","1","0",2016,""
2018,"8","control","8_14B",14,"B",45,1,NA,0,NA,"small","1",NA,"0",NA,2016,""
2019,"8","control","8_14B",14,"B",NA,NA,NA,NA,NA,NA,NA,NA,NA,NA,2016,"MISSING"
2020,"8","control","8_14B",14,"B",NA,NA,3,NA,0,NA,NA,"1",NA,"0",2016,"missing"
2021,"8","control","8_14B",14,"B",18,3,NA,0,NA,"small","1","0","0",NA,2016,""
2022,"8","control","8_14B",14,"B",NA,NA,NA,NA,NA,"dead","0",NA,NA,NA,2016,"NP"
2021,"8","control","8_15B",15,"B",20,1,NA,0,NA,"seedling","1","0","0",NA,2021,""
2022,"8","control","8_15B",15,"B",NA,NA,NA,NA,NA,"dead","0",NA,NA,NA,2021,"NP"
2017,"8","control","8_15E",15,"E",60,27,12,5,0,"large","1","1","1","0",2017,""
2018,"8","control","8_15E",15,"E",44.5,12,8,0,0,"medium","1","1","0","0",2017,""
2019,"8","control","8_15E",15,"E",29.5,8,6,0,3,"small","1","1","0","1",2017,""
2020,"8","control","8_15E",15,"E",91,6,21,3,0,"small","1","1","1","0",2017,""
2021,"8","control","8_15E",15,"E",49,21,2,0,0,"medium","1","1","0","0",2017,""
2022,"8","control","8_15E",15,"E",81,2,4,0,1,"small","1","1","0","1",2017,""
2023,"8","control","8_15E",15,"E",62,4,NA,1,NA,"small","1","0","1",NA,2017,""
2024,"8","control","8_15E",15,"E",NA,NA,NA,NA,NA,"dead","0",NA,NA,NA,2017,"NP, just Poa"
2016,"8","control","8_16G",16,"G",55,15,5,4,3,"medium","1","1","1","1",2016,""
2017,"8","control","8_16G",16,"G",61.5,5,1,3,0,"small","1","1","1","0",2016,""
2018,"8","control","8_16G",16,"G",28,1,6,0,0,"small","1","1","0","0",2016,""
2019,"8","control","8_16G",16,"G",32,6,5,0,5,"small","1","1","0","1",2016,""
2020,"8","control","8_16G",16,"G",117.5,5,NA,5,NA,"small","1","0","1",NA,2016,""
2021,"8","control","8_16G",16,"G",0,NA,NA,NA,NA,"dead","0",NA,NA,NA,2016,"NP. Many small non-flowering grasses"
2021,"8","control","8_17E",17,"E",87,7,NA,2,NA,"small","1","0","1",NA,2021,""
2022,"8","control","8_17E",17,"E",NA,NA,NA,NA,NA,"dead","0",NA,NA,NA,2021,"NP"
2020,"8","control","8_17H",17,"H",101.5,8,6,5,0,"small","1","1","1","0",2020,""
2021,"8","control","8_17H",17,"H",30.5,6,1,0,0,"small","1","1","0","0",2020,""
2022,"8","control","8_17H",17,"H",51,1,1,0,0,"small","1","1","0","0",2020,""
2023,"8","control","8_17H",17,"H",37,1,1,0,0,"small","1","1","0","0",2020,""
2024,"8","control","8_17H",17,"H",42.5,1,NA,0,NA,"small","1",NA,"0",NA,2020,""
2025,"8","control","8_17H",17,"H",NA,NA,NA,NA,NA,NA,NA,NA,NA,NA,2020,"NP, vole hole"
2021,"8","control","8_18B",18,"B",33,6,NA,0,NA,"seedling","1","0","0",NA,2021,""
2022,"8","control","8_18B",18,"B",NA,NA,NA,NA,NA,"dead","0",NA,NA,NA,2021,"NP"
2016,"8","control","8_18D",18,"D",55,2,NA,3,NA,"small","1",NA,"1",NA,2016,""
2017,"8","control","8_18D",18,"D",NA,NA,1,NA,0,NA,NA,"1",NA,"0",2016,"Missing"
2018,"8","control","8_18D",18,"D",76,1,NA,0,NA,"small","1",NA,"0",NA,2016,""
2019,"8","control","8_18D",18,"D",NA,NA,NA,NA,NA,NA,NA,NA,NA,NA,2016,"MISSING"
2020,"8","control","8_18D",18,"D",NA,NA,2,NA,0,NA,NA,"1",NA,"0",2016,"missing"
2021,"8","control","8_18D",18,"D",38,2,NA,0,NA,"small","1","0","0",NA,2016,""
2022,"8","control","8_18D",18,"D",NA,NA,NA,NA,NA,"dead","0",NA,NA,NA,2016,"NP"
2016,"8","control","8_19B",19,"B",61,9,7,5,6,"medium","1","1","1","1",2016,""
2017,"8","control","8_19B",19,"B",66,7,7,6,1,"small","1","1","1","1",2016,"Also in 18B"
2018,"8","control","8_19B",19,"B",91.5,7,NA,1,NA,"small","1",NA,"1",NA,2016,""
2019,"8","control","8_19B",19,"B",NA,NA,NA,NA,NA,NA,NA,NA,NA,NA,2016,"MISSING"
2020,"8","control","8_19B",19,"B",NA,NA,11,NA,0,NA,NA,"1",NA,"0",2016,"missing"
2021,"8","control","8_19B",19,"B",28,11,NA,0,NA,"medium","1","0","0",NA,2016,"In 18A."
2022,"8","control","8_19B",19,"B",NA,NA,NA,NA,NA,"dead","0",NA,NA,NA,2016,"NP"
2016,"8","control","8_19D",19,"D",49,7,2,1,1,"small","1","1","1","1",2016,""
2017,"8","control","8_19D",19,"D",59.5,2,1,1,0,"small","1","1","1","0",2016,""
2018,"8","control","8_19D",19,"D",53.5,1,NA,0,NA,"small","1","0","0",NA,2016,""
2019,"8","control","8_19D",19,"D",NA,NA,NA,NA,NA,"dead","0",NA,NA,NA,2016,"MISSING"
2025,"8","control","8_19D_2",19,"D",50,5,NA,1,NA,"small","1",NA,"1",NA,2025,"some stems grazed, new? Small panicle"
2021,"8","control","8_19G",19,"G",29,2,3,0,0,"seedling","1","1","0","0",2021,""
2022,"8","control","8_19G",19,"G",76,3,NA,0,NA,"small","1","0","0",NA,2021,""
2023,"8","control","8_19G",19,"G",NA,NA,NA,NA,NA,"dead","0",NA,NA,NA,2021,"np"
2016,"8","control","8_19H",19,"H",78,43,7,13,5,"large","1","1","1","1",2016,""
2017,"8","control","8_19H",19,"H",49,7,3,5,0,"small","1","1","1","0",2016,""
2018,"8","control","8_19H",19,"H",44.5,3,1,0,0,"small","1","1","0","0",2016,""
2019,"8","control","8_19H",19,"H",32,1,3,0,0,"small","1","1","0","0",2016,""
2020,"8","control","8_19H",19,"H",39,3,NA,0,NA,"small","1","0","0",NA,2016,""
2021,"8","control","8_19H",19,"H",0,NA,NA,NA,NA,"dead","0",NA,NA,NA,2016,"NP. But new plants in 19I and 19G"
2021,"8","control","8_19I",19,"I",40,3,4,0,0,"seedling","1","1","0","0",2021,""
2022,"8","control","8_19I",19,"I",92,4,10,0,0,"small","1","1","0","0",2021,""
2023,"8","control","8_19I",19,"I",55,10,3,0,0,"medium","1","1","0","0",2021,""
2024,"8","control","8_19I",19,"I",41,3,3,0,0,"small","1","1","0","0",2021,"19I + 19J"
2025,"8","control","8_19I",19,"I",35,3,NA,0,NA,"small","1",NA,"0",NA,2021,"19I-19J, vole hole"
2021,"8","control","8_1A",1,"A",37,6,NA,0,NA,"seedling","1","0","0",NA,2021,""
2022,"8","control","8_1A",1,"A",NA,NA,NA,NA,NA,"dead","0",NA,NA,NA,2021,"NP"
2021,"8","control","8_1B",1,"B",29,9,NA,0,NA,"medium","1","0","0",NA,2021,""
2022,"8","control","8_1B",1,"B",NA,NA,NA,NA,NA,"dead","0",NA,NA,NA,2021,"NP"
2021,"8","control","8_1F",1,"F",27,4,NA,0,NA,"seedling","1","0","0",NA,2021,""
2022,"8","control","8_1F",1,"F",NA,NA,NA,NA,NA,"dead","0",NA,NA,NA,2021,"NP"
2021,"8","control","8_2G",2,"G",28.5,2,NA,0,NA,"seedling","1","0","0",NA,2021,""
2022,"8","control","8_2G",2,"G",NA,NA,NA,NA,NA,"dead","0",NA,NA,NA,2021,"NP"
2023,"8","control","8_5C",5,"C",50,11,19,0,0,"medium","1","1","0","0",2023,"is this new?"
2024,"8","control","8_5C",5,"C",57,19,14,0,0,"medium","1","1","0","0",2023,"is this new?"
2025,"8","control","8_5C",5,"C",58,14,NA,0,NA,"medium","1",NA,"0",NA,2023,""
2022,"8","control","8_5G",5,"G",74,5,8,0,1,"seedling","1","1","0","1",2022,"new in 2022"
2023,"8","control","8_5G",5,"G",58,8,8,1,0,"small","1","1","1","0",2022,""
2024,"8","control","8_5G",5,"G",78,8,4,0,0,"small","1","1","0","0",2022,""
2025,"8","control","8_5G",5,"G",56,4,NA,0,NA,"small","1",NA,"0",NA,2022,""
2016,"8","control","8_7B",7,"B",58.5,23,11,5,7,"medium","1","1","1","1",2016,""
2017,"8","control","8_7B",7,"B",70,11,12,7,0,"medium","1","1","1","0",2016,""
2018,"8","control","8_7B",7,"B",72,12,6,0,0,"medium","1","1","0","0",2016,""
2019,"8","control","8_7B",7,"B",54,6,1,0,0,"small","1","1","0","0",2016,"CLOSER TO 7C, OR NEW PLANT?"
2020,"8","control","8_7B",7,"B",13,1,NA,0,NA,"small","1",NA,"0",NA,2016,"in 7C, dead Dactlyis stem"
2021,"8","control","8_7B",7,"B",0,NA,3,NA,0,NA,NA,"1",NA,"0",2016,"NP "
2022,"8","control","8_7B",7,"B",87,3,14,0,1,"small","1","1","0","1",2016,"could be a new plant"
2023,"8","control","8_7B",7,"B",96,14,10,1,0,"medium","1","1","1","0",2016,""
2024,"8","control","8_7B",7,"B",79,10,36,0,0,"medium","1","1","0","0",2016,""
2025,"8","control","8_7B",7,"B",50,36,NA,0,NA,"large","1",NA,"0",NA,2016,""
2020,"8","control","8_8A",8,"A",112,17,10,11,2,"medium","1","1","1","1",2020,""
2021,"8","control","8_8A",8,"A",97.5,10,17,2,2,"medium","1","1","1","1",2020,""
2022,"8","control","8_8A",8,"A",129,17,14,2,1,"medium","1","1","1","1",2020,"big clump - 8A-9A"
2023,"8","control","8_8A",8,"A",66,14,15,1,1,"medium","1","1","1","1",2020,""
2024,"8","control","8_8A",8,"A",126,15,11,1,1,"medium","1","1","1","1",2020,"big clump 8A-9A"
2025,"8","control","8_8A",8,"A",109,11,NA,1,NA,"medium","1",NA,"1",NA,2020,"big clump 8A-9A"
2023,"8","control","8_9D",9,"D",47,2,NA,0,NA,"seedling","1","0","0",NA,2023,"closer to 9C than the other new one in 9E"
2024,"8","control","8_9D",9,"D",NA,NA,NA,NA,NA,"dead","0",NA,NA,NA,2023,"NP, closer to 9C than the other new one in 9E"
2023,"8","control","8_9E",9,"E",30,1,NA,1,NA,"small","1","0","1",NA,2023,""
2024,"8","control","8_9E",9,"E",NA,NA,NA,NA,NA,"dead","0",NA,NA,NA,2023,"NP"
2016,"9","irrigated","9_0B",0,"B",81,17,5,2,2,"medium","1","1","1","1",2016,""
2017,"9","irrigated","9_0B",0,"B",48,5,3,2,0,"small","1","1","1","0",2016,"May be combined with 16G"
2018,"9","irrigated","9_0B",0,"B",37,3,3,0,0,"small","1","1","0","0",2016,""
2019,"9","irrigated","9_0B",0,"B",27,3,1,0,0,"small","1","1","0","0",2016,""
2020,"9","irrigated","9_0B",0,"B",62.5,1,2,0,0,"small","1","1","0","0",2016,"in 0A"
2021,"9","irrigated","9_0B",0,"B",60,2,NA,0,NA,"small","1","0","0",NA,2016,""
2022,"9","irrigated","9_0B",0,"B",NA,NA,NA,NA,NA,"dead","0",NA,NA,NA,2016,""
2025,"9","irrigated","9_11.12G",11,"G",128,30,NA,2,NA,"large","1",NA,"1",NA,2025,"ate 12G"
2021,"9","irrigated","9_11G",11,"G",55.5,3,3,0,0,"seedling","1","1","0","0",2021,""
2022,"9","irrigated","9_11G",11,"G",64,3,8,0,0,"small","1","1","0","0",2021,""
2023,"9","irrigated","9_11G",11,"G",66,8,11,0,0,"small","1","1","0","0",2021,""
2024,"9","irrigated","9_11G",11,"G",100,11,NA,0,NA,"medium","1",NA,"0",NA,2021,""
2021,"9","irrigated","9_12G",12,"G",104,4,3,0,1,"seedling","1","1","0","1",2021,""
2022,"9","irrigated","9_12G",12,"G",108,3,11,1,0,"small","1","1","1","0",2021,""
2023,"9","irrigated","9_12G",12,"G",69,11,5,0,0,"medium","1","1","0","0",2021,""
2024,"9","irrigated","9_12G",12,"G",90,5,NA,0,NA,"small","1",NA,"0",NA,2021,"closer to 12H/I"
2019,"9","irrigated","9_13G",13,"G",58.5,1,1,0,0,"seedling","1","1","0","0",2019,"NEW PLANT"
2020,"9","irrigated","9_13G",13,"G",5,1,3,0,1,"small","1","1","0","1",2019,""
2021,"9","irrigated","9_13G",13,"G",123,3,9,1,0,"small","1","1","1","0",2019,""
2022,"9","irrigated","9_13G",13,"G",95.5,9,4,0,0,"medium","1","1","0","0",2019,""
2023,"9","irrigated","9_13G",13,"G",83,4,2,0,0,"small","1","1","0","0",2019,""
2024,"9","irrigated","9_13G",13,"G",61,2,4,0,0,"small","1","1","0","0",2019,""
2025,"9","irrigated","9_13G",13,"G",77,4,NA,0,NA,"small","1",NA,"0",NA,2019,""
2017,"9","irrigated","9_14A",14,"A",72,5,4,3,0,"small","1","1","1","0",2017,"New"
2018,"9","irrigated","9_14A",14,"A",79.5,4,NA,0,NA,"small","1",NA,"0",NA,2017,""
2019,"9","irrigated","9_14A",14,"A",NA,NA,1,NA,0,NA,NA,"1",NA,"0",2017,"MISSING"
2020,"9","irrigated","9_14A",14,"A",64,1,NA,0,NA,"small","1",NA,"0",NA,2017,""
2021,"9","irrigated","9_14A_2",14,"A",168,105,70,7,1,"large","1","1","1","1",2021,"Very large, covers 13-15 A-D, part might be outside plot. Lots of fungus"
2022,"9","irrigated","9_14A_2",14,"A",154,70,81,1,0,"large","1","1","1","0",2021,"big! Spans 14-16 &outside of plot -C"
2023,"9","irrigated","9_14A_2",14,"A",123,81,8,0,0,"large","1","1","0","0",2021,"big, spans 14-16 through outside of plot to C"
2024,"9","irrigated","9_14A_2",14,"A",77,8,36,0,0,"small","1","1","0","0",2021,"big, spans 14-16 through outside of plot to C; lots of thatch, stems are sparse but assume all same plant"
2025,"9","irrigated","9_14A_2",14,"A",107,36,NA,0,NA,"large","1",NA,"0",NA,2021,"big, spans 14-16 through outside of plot to C"
2017,"9","irrigated","9_15C",15,"C",100,21,15,6,1,"medium","1","1","1","1",2017,"New"
2018,"9","irrigated","9_15C",15,"C",89,15,41,1,0,"medium","1","1","1","0",2017,""
2019,"9","irrigated","9_15C",15,"C",84,41,50,0,4,"large","1","1","0","1",2017,""
2020,"9","irrigated","9_15C",15,"C",165,50,NA,4,NA,"large","1","0","1",NA,2017,""
2021,"9","irrigated","9_15C",15,"C",0,NA,NA,NA,NA,"dead","0",NA,NA,NA,2017,"NP "
2019,"9","irrigated","9_15G",15,"G",48.5,1,3,0,0,"seedling","1","1","0","0",2019,""
2020,"9","irrigated","9_15G",15,"G",42,3,1,0,0,"small","1","1","0","0",2019,""
2021,"9","irrigated","9_15G",15,"G",66,1,2,0,0,"small","1","1","0","0",2019,""
2022,"9","irrigated","9_15G",15,"G",78,2,1,0,0,"small","1","1","0","0",2019,""
2023,"9","irrigated","9_15G",15,"G",18,1,NA,0,NA,"small","1","0","0",NA,2019,""
2024,"9","irrigated","9_15G",15,"G",NA,NA,NA,NA,NA,"dead","0",NA,NA,NA,2019,"NP"
2019,"9","irrigated","9_15J",15,"J",42,3,5,0,0,"seedling","1","1","0","0",2019,""
2020,"9","irrigated","9_15J",15,"J",54,5,8,0,0,"small","1","1","0","0",2019,""
2021,"9","irrigated","9_15J",15,"J",66,8,6,0,0,"small","1","1","0","0",2019,""
2022,"9","irrigated","9_15J",15,"J",83,6,8,0,0,"small","1","1","0","0",2019,""
2023,"9","irrigated","9_15J",15,"J",69,8,1,0,0,"small","1","1","0","0",2019,""
2024,"9","irrigated","9_15J",15,"J",94,1,22,0,0,"small","1","1","0","0",2019,"lots of thatch"
2025,"9","irrigated","9_15J",15,"J",80,22,NA,0,NA,"medium","1",NA,"0",NA,2019,""
2022,"9","irrigated","9_17F",17,"F",94.5,3,6,0,0,"seedling","1","1","0","0",2022,"new in 2022"
2023,"9","irrigated","9_17F",17,"F",71,6,NA,0,NA,"small","1","0","0",NA,2022,"orange fungus"
2024,"9","irrigated","9_17F",17,"F",NA,NA,NA,NA,NA,"dead","0",NA,NA,NA,2022,"NP"
2020,"9","irrigated","9_17I",17,"I",32,1,1,0,0,"seedling","1","1","0","0",2020,""
2021,"9","irrigated","9_17I",17,"I",63.5,1,NA,0,NA,"small","1","0","0",NA,2020,""
2022,"9","irrigated","9_17I",17,"I",NA,NA,NA,NA,NA,"dead","0",NA,NA,NA,2020,"NP"
2017,"9","irrigated","9_18G",18,"G",55,2,3,1,0,"small","1","1","1","0",2017,"New"
2018,"9","irrigated","9_18G",18,"G",54,3,NA,0,NA,"small","1","0","0",NA,2017,""
2019,"9","irrigated","9_18G",18,"G",NA,NA,NA,NA,NA,"dead","0",NA,NA,NA,2017,"MISSING"
2021,"9","irrigated","9_18G",18,"G",0,NA,NA,NA,NA,NA,NA,NA,NA,NA,2017,"NP. Made it part of the 19F plant"
2022,"9","irrigated","9_18G",18,"G",NA,NA,4,NA,0,NA,NA,"1",NA,"0",2017,"2021: part of the 19F plant"
2023,"9","irrigated","9_18G",18,"G",81,4,2,0,0,"small","1","1","0","0",2017,""
2024,"9","irrigated","9_18G",18,"G",79,2,5,0,0,"small","1","1","0","0",2017,""
2025,"9","irrigated","9_18G",18,"G",63,5,NA,0,NA,"small","1",NA,"0",NA,2017,""
2021,"9","irrigated","9_19C",19,"C",69.5,2,1,0,0,"seedling","1","1","0","0",2021,""
2022,"9","irrigated","9_19C",19,"C",70,1,2,0,0,"small","1","1","0","0",2021,""
2023,"9","irrigated","9_19C",19,"C",64,2,3,0,0,"small","1","1","0","0",2021,""
2024,"9","irrigated","9_19C",19,"C",73,3,9,0,0,"small","1","1","0","0",2021,"orange fungus"
2025,"9","irrigated","9_19C",19,"C",87,9,NA,0,NA,"medium","1",NA,"0",NA,2021,""
2017,"9","irrigated","9_19D",19,"D",74,3,5,2,2,"small","1","1","1","1",2017,"New"
2018,"9","irrigated","9_19D",19,"D",70,5,2,2,1,"small","1","1","1","1",2017,""
2019,"9","irrigated","9_19D",19,"D",46,2,3,1,2,"small","1","1","1","1",2017,""
2020,"9","irrigated","9_19D",19,"D",98,3,2,2,0,"small","1","1","1","0",2017,""
2021,"9","irrigated","9_19D",19,"D",58.5,2,1,0,0,"small","1","1","0","0",2017,""
2022,"9","irrigated","9_19D",19,"D",83.5,1,NA,0,NA,"small","1","0","0",NA,2017,""
2023,"9","irrigated","9_19D",19,"D",NA,NA,NA,NA,NA,"dead","0",NA,NA,NA,2017,"np"
2016,"9","irrigated","9_19F",19,"F",103.5,2,6,2,4,"small","1","1","1","1",2016,""
2017,"9","irrigated","9_19F",19,"F",85,6,13,4,0,"small","1","1","1","0",2016,""
2018,"9","irrigated","9_19F",19,"F",64,13,10,0,1,"medium","1","1","0","1",2016,""
2019,"9","irrigated","9_19F",19,"F",60,10,16,1,7,"medium","1","1","1","1",2016,""
2020,"9","irrigated","9_19F",19,"F",132,16,23,7,6,"medium","1","1","1","1",2016,""
2021,"9","irrigated","9_19F",19,"F",141,23,27,6,1,"medium","1","1","1","1",2016,"Lots orange fungus."
2022,"9","irrigated","9_19F",19,"F",94,27,22,1,1,"large","1","1","1","1",2016,"pancile not the longest thing, leaf is"
2023,"9","irrigated","9_19F",19,"F",76,22,11,1,0,"medium","1","1","1","0",2016,""
2024,"9","irrigated","9_19F",19,"F",104,11,7,0,0,"medium","1","1","0","0",2016,""
2025,"9","irrigated","9_19F",19,"F",82,7,NA,0,NA,"small","1",NA,"0",NA,2016,""
2017,"9","irrigated","9_3H",3,"H",62.5,4,4,2,0,"small","1","1","1","0",2017,"New"
2018,"9","irrigated","9_3H",3,"H",51,4,10,0,1,"small","1","1","0","1",2017,""
2019,"9","irrigated","9_3H",3,"H",77,10,24,1,4,"medium","1","1","1","1",2017,""
2020,"9","irrigated","9_3H",3,"H",122,24,91,4,5,"medium","1","1","1","1",2017,""
2021,"9","irrigated","9_3H",3,"H",138,91,84,5,0,"large","1","1","1","0",2017,""
2022,"9","irrigated","9_3H",3,"H",118,84,85,0,0,"large","1","1","0","0",2017,""
2023,"9","irrigated","9_3H",3,"H",101,85,5,0,0,"large","1","1","0","0",2017,""
2024,"9","irrigated","9_3H",3,"H",80,5,19,0,0,"small","1","1","0","0",2017,"it shrank, lots of thatch"
2025,"9","irrigated","9_3H",3,"H",92,19,NA,0,NA,"medium","1",NA,"0",NA,2017,""
2016,"9","irrigated","9_6C",6,"C",125,28,34,5,8,"large","1","1","1","1",2016,""
2017,"9","irrigated","9_6C",6,"C",62,34,NA,8,NA,"large","1",NA,"1",NA,2016,""
2018,"9","irrigated","9_7C",7,"C",50,6,16,0,0,"seedling","1","1","0","0",2018,"combined plants from last years 6c and 8c since it is one bigger plant growing in 7c"
2019,"9","irrigated","9_7C",7,"C",57,16,12,0,0,"medium","1","1","0","0",2018,"CLOSER TO 7D OR 7E"
2020,"9","irrigated","9_7C",7,"C",55,12,29,0,0,"medium","1","1","0","0",2018,"in 7D/7E this year too"
2021,"9","irrigated","9_7C",7,"C",80.5,29,31,0,0,"large","1","1","0","0",2018,"In 7D/7E. Orange fungus on stems"
2022,"9","irrigated","9_7C",7,"C",92,31,28,0,0,"large","1","1","0","0",2018,""
2023,"9","irrigated","9_7C",7,"C",68,28,16,0,0,"large","1","1","0","0",2018,"still separate from 9E but they are very close. Orange fungus"
2024,"9","irrigated","9_7C",7,"C",99,16,57,0,0,"medium","1","1","0","0",2018,"still separate from 9E but they are very close"
2025,"9","irrigated","9_7C",7,"C",106,57,NA,0,NA,"large","1",NA,"0",NA,2018,"close to 9E plant, but still separate"
2017,"9","irrigated","9_8C",8,"C",64,1,NA,1,NA,"small","1",NA,"1",NA,2017,""
2016,"9","irrigated","9_9E",9,"E",111,6,5,5,1,"small","1","1","1","1",2016,""
2017,"9","irrigated","9_9E",9,"E",48,5,2,1,0,"small","1","1","1","0",2016,""
2018,"9","irrigated","9_9E",9,"E",45,2,5,0,0,"small","1","1","0","0",2016,""
2019,"9","irrigated","9_9E",9,"E",55,5,6,0,2,"small","1","1","0","1",2016,""
2020,"9","irrigated","9_9E",9,"E",83,6,10,2,0,"small","1","1","1","0",2016,""
2021,"9","irrigated","9_9E",9,"E",89,10,26,0,1,"medium","1","1","0","1",2016,"Orange fungus"
2022,"9","irrigated","9_9E",9,"E",110,26,15,1,0,"large","1","1","1","0",2016,""
2023,"9","irrigated","9_9E",9,"E",85,15,11,0,0,"medium","1","1","0","0",2016,""
2024,"9","irrigated","9_9E",9,"E",79,11,27,0,0,"medium","1","1","0","0",2016,"orange fungus"
2025,"9","irrigated","9_9E",9,"E",86,27,NA,0,NA,"large","1",NA,"0",NA,2016,""
2020,"9","irrigated","9_9G",9,"G",52.5,4,9,0,0,"seedling","1","1","0","0",2020,""
2021,"9","irrigated","9_9G",9,"G",70,9,1,0,0,"medium","1","1","0","0",2020,""
2022,"9","irrigated","9_9G",9,"G",39,1,1,0,0,"small","1","1","0","0",2020,""
2023,"9","irrigated","9_9G",9,"G",50,1,NA,0,NA,"small","1","0","0",NA,2020,""
2024,"9","irrigated","9_9G",9,"G",NA,NA,NA,NA,NA,"dead","0",NA,NA,NA,2020,"No Dactylis, just Poa"
